"Average of Net Income per Month of Informal Employee by Regency/Municipality and Main Industry in Banten Province (rupiahs), 2023",,,,,,
,,,,,,
Regency/Municipality,Main Industry,,,Average,,
,Agriculture,Manufacture,Services,,,
Pandeglang Regency,"1,328,483","1,694,872","1,876,518","1,671,329",,
Lebak Regency ,"959,241","2,052,854","1,959,084","1,690,186",,
Tangerang Regency ,"2,399,380","2,941,238","2,747,733","2,746,669",,
Serang Regency ,"1,588,780","2,193,677","2,596,414","2,268,500",,
Tangerang Municipality,"2,724,923","5,319,570","3,838,571","4,039,890",,
Cilegon Municipality,"1,439,287","2,161,303","2,305,247","2,199,518",,
Serang Municipality,"1,878,860","2,652,076","2,523,484","2,492,711",,
Tangerang Selatan Municipality,"1,012,094","2,604,409","3,571,625","3,389,666",,
Banten,"1,517,393","2,657,281","2,795,954","2,545,184",,
,,,,,,
Note:,,,,,,
"- Informal Employee includes employment status are self employed, casual agricultural worker, and casual non-agricultural worker",,,,,,
"- Agriculture: Agriculture, Forestry, Hunting, and Fisherie",,,,,,
"  Manufacture: Mining, Manufacturing Industry,Electricity, Gas, Water, and Construction",,,,,,
"  Services: Wholesale Trade, Retail Trade, Restaurantsand Hotels, Transportation, Warehousing, and Communication, Financing, Insurance, Real Estate, Business Services, and Public Service",,,,,,
,,,,,,
Source: ,,,,,,
"BPS-Statistics Indonesia, August National Labor Force Survey",,,,,,
,,,,,,