Kab/Kota,,,,
,Rata-rata Upah/Gaji Bersih Sebulan Pekerja Formal Menurut Kabupaten/Kota dan Lapangan Pekerjaan Utama (rupiah) di Provinsi DKI Jakarta,,,
,Pertanian,Industri,Jasa,Jumlah
,2025,2025,2025,2025
Kep Seribu,1178669,5279616,6093542,5864497
Jakarta Selatan,2964300,7616539,6669691,6755471
Jakarta Timur,3900000,6263392,5872548,5956146
Jakarta Pusat,-,5406717,5348657,5357004
Jakarta Barat,7064300,4986243,5653941,5480168
Jakarta Utara,2037078,4820861,5925684,5670738
DKI Jakarta,3176242,5679379,5968095,5903603