Kabupaten/Kota,Rata-rata Upah/Gaji Bersih Pekerja Informal berdasarkan Lapangan Pekerjaan Utama Pertanian (Rp),Rata-rata Upah/Gaji Bersih Pekerja Informal berdasarkan Lapangan Pekerjaan Utama Industri (Rp),Rata-rata Upah/Gaji Bersih Pekerja Informal berdasarkan Lapangan Pekerjaan Utama Jasa (Rp),Rata-rata Upah/Gaji Bersih Pekerja Informal berdasarkan Lapangan Pekerjaan Utama Jumlah (Rp)
Pandeglang,1230654,1444929,1840524,1571039
Lebak,869964,1638188,2030108,1543065
Tangerang,1433543,2612970,2827076,2656467
Serang,1295161,2230547,1939284,1856052
Kota Tangerang,3617978,3636447,3058931,3161469
Kota Cilegon,1637554,1835939,2194367,2119616
Kota Serang,1574826,2305778,2308375,2251810
Kota Tangerang Selatan,2001026,3943055,3720661,3726324
Banten,1228564,2367689,2698201,2421145
,,,,
Keterangan,,,,
"<sup>1 </sup>   Pekerja Informal/<i>Informal Employee</i>: Pekerja yang berstatus berusaha sendiri dan pekerja bebas di sektor pertanian dan nonpertanian/<i>Employment </i>    <i>status are self employed, casual agricultural worker, and casual non-agricultural worker</i><sup>2 </sup>  Pertanian: Pertanian, Perkebunan, Kehutanan, Perburuan, dan Perikanan/<i>Agriculture: Agriculture, Forestry, Hunting, and Fisherie</i>    Industri: Pertambangan dan Penggalian, Industri, Listrik, Gas, dan Air Minum, Konstruksi/<i>Manufacture: Mining, Manufacturing Industry, Electricity, Gas, </i><i>Water, and Construction.</i>    Jasa: Perdagangan, Rumah Makan, dan Jasa Akomodasi, Transportasi, Pergudangan dan Komunikasi, Lembaga Keuangan, Real Estate, Usaha Persewaan dan Jasa Perusahaan, Jasa Kemasyarakatan, Sosial dan Perorangan/<i>Services: Wholesale Trade, Retail Trade, Restaurants and Hotels, </i><i>Transportation, Warehousing, and Communication, Financing, Insurance, Real Estate, Business Services, and Public Service</i>",,,,