"Rata-rata Upah/Gaji Bersih Sebulan Pekerja Formal Menurut Kabupaten/Kota dan Lapangan Pekerjaan Utama (rupiah), 2019",,,,,,
"Average of Net Wage/Salary per Month of Formal Employee by Regency/Municipality and Main Industry (rupiahs), 2019",,,,,,
Kabupaten/Kota Regency/Municipality,Lapangan Pekerjaan Utama,,,Jumlah Total,,
,Main Industry,,,,,
,1,2,3,,,
Kabupaten/Regency,,,,,,
Bogor ,2 011 974,3 269 981,3 409 497,3 327 288,,
Sukabumi,2 079 851,2 501 449,2 206 427,2 357 845,,
Cianjur,1 225 371,2 380 949,2 354 380,2 284 771,,
Bandung,1 386 722,2 447 007,2 854 386,2 569 804,,
Garut,1 314 218,1 851 331,1 739 553,1 763 882,,
Tasikmalaya,930 579,1 941 627,2 006 636,1 945 493,,
Ciamis,1 182 619,1 641 575,1 869 295,1 743 613,,
Kuningan,840 679,2 166 871,2 091 637,2 100 447,,
Cirebon,1 346 817,1 919 345,2 303 187,2 107 554,,
Majalengka,1 327 894,1 876 943,2 418 120,2 124 571,,
Sumedang,2 181 880,2 585 966,2 873 845,2 723 678,,
Indramayu,2 410 769,2 948 754,2 479 109,2 593 731,,
Subang,1 928 822,2 876 627,2 864 010,2 803 952,,
Purwakarta,2 419 437,4 000 412,2 641 073,3 359 387,,
Karawang,1 922 076,4 675 098,2 949 192,3 864 854,,
Bekasi,1 878 621,4 989 435,3 700 312,4 418 274,,
Bandung Barat,1 307 424,3 013 105,2 406 082,2 681 321,,
Pangandaran,1 260 966,1 928 378,2 085 986,1 966 247,,
,,,,,,
Kota/Municipality,,,,,,
Bogor,NA,3 496 789,3 581 493,3 560 831,,
Sukabumi,1 528 459,2 725 478,3 197 306,3 012 286,,
Bandung,3 532 312,3 461 353,3 409 743,3 423 854,,
Cirebon,2 780 769,2 699 753,2 945 105,2 898 440,,
Bekasi,NA,5 260 059,4 866 639,5 003 151,,
Depok,NA,5 400 315,4 614 934,4 800 711,,
Cimahi,720 000,3 071 770,3 772 706,3 437 539,,
Tasikmalaya,1 540 058,1 557 541,2 213 643,1 966 630,,
Banjar,1 582 443,2 034 450,2 525 001,2 356 635,,
Jawa Barat,1 796 327,3 430 683,3 324 341,3 337 573,,
,,,,,,
Catatan/Note : ,"1. Pertanian, Kehutanan, Perikanan/Agriculture, Forestry, and Fishing",,,,,
,"2. Pertambangan dan Penggalian; Industri Pengolahan; Pengadaan Listrik dan Gas; Pengadaan Air; Pengelolaan Sampah, Limbah, 
dan Daur Ulang; Konstruksi",,,,,
,"Mining and Quarrying; Manufacturing; Electricity and Gas; Water Supply; Sewerage, Waste Management, and Remediation 
Activities; Construction",,,,,
,"3. Perdagangan Besar dan Eceran; Reparasi Mobil dan Sepeda Motor; Transportasi dan Pergudangan; Penyediaan Akomodasi dan Makan Minum; Informasi dan Komunikasi; Jasa Keuangan dan Asuransi; Real Estat; Jasa Perusahaan; Administrasi Pemerintahan, Pertahanan, dan Jaminan Sosial Wajib; Jasa Pendidikan; Jasa Kesehatan dan Kegiatan Sosial; Jasa Lainnya",,,,,
,Wholesale and Retail Trade; Repair of Motor Vehicles and Motorcycles; Transportation and Storage; Accommodation and Food Service Activities; Information and Communication; Financial and Insurance Activities; Real Estate Activities; Business Activities; Public Administration and Defence; Compulsory Social Security; Education; Human Health and Social Work Activities; Other Services Activities,,,,,
"Sumber/Source:             BPS, Survei Angkatan Kerja Nasional (Sakernas) Agustus/BPS-Statistics Indonesia, August National Labor Force Survey",,,,,,