Wilayah,WADMKC,KAB_KOTA,KECAMATAN,RRI,2020,2023,2025
kabupaten_bangkalan,Arosbaya,BANGKALAN,AROSBAYA,-0.84%,48000,46800,47197
kabupaten_bangkalan,Bangkalan,BANGKALAN,BANGKALAN,1.26%,86300,89600,88486
kabupaten_bangkalan,Blega,BANGKALAN,BLEGA,0.23%,57700,58100,57966
kabupaten_bangkalan,Burneh,BANGKALAN,BURNEH,0.00%,63600,63600,63600
kabupaten_bangkalan,Galis,BANGKALAN,GALIS,-1.65%,88300,84000,85410
kabupaten_bangkalan,Geger,BANGKALAN,GEGER,-0.78%,81800,79900,80528
kabupaten_bangkalan,Kamal,BANGKALAN,KAMAL,0.81%,48800,50000,49597
kabupaten_bangkalan,Klampis,BANGKALAN,KLAMPIS,-1.30%,57200,55000,55724
kabupaten_bangkalan,Kokop,BANGKALAN,KOKOP,-1.00%,73900,71700,72426
kabupaten_bangkalan,Konang,BANGKALAN,KONANG,-0.19%,53400,53100,53200
kabupaten_bangkalan,Kwanyar,BANGKALAN,KWANYAR,-0.26%,51600,51200,51333
kabupaten_bangkalan,Labang,BANGKALAN,LABANG,0.52%,38300,38900,38699
kabupaten_bangkalan,Modung,BANGKALAN,MODUNG,-1.39%,46100,44200,44824
kabupaten_bangkalan,Sidayu,BANGKALAN,SIDAYU,-2.35%,46500,43300,44341
kabupaten_bangkalan,Solokuro,BANGKALAN,SOLOKURO,-0.05%,63400,63300,63333
kabupaten_bangkalan,Tanggulangin,BANGKALAN,TANGGULANGIN,-0.52%,70800,69700,70065
kabupaten_bangkalan,Tegalsari,BANGKALAN,TEGALSARI,-0.25%,54300,53900,54033
kabupaten_bangkalan,Trowulan,BANGKALAN,TROWULAN,0.98%,30300,31200,30897
kabupaten_gresik,Balongpanggang,GRESIK,BALONGPANGGANG,1.59%,53700,56300,55420
kabupaten_gresik,Benjeng,GRESIK,BENJENG,1.46%,62800,65600,64653
kabupaten_gresik,Bungah,GRESIK,BUNGAH,1.46%,65300,68200,67219
kabupaten_gresik,Cerme,GRESIK,CERME,0.12%,81200,81500,81400
kabupaten_gresik,Driyorejo,GRESIK,DRIYOREJO,-5.24%,122700,104400,110175
kabupaten_gresik,Duduksampeyan,GRESIK,DUDUKSAMPEYAN,1.67%,47100,49500,48687
kabupaten_gresik,Dukun,GRESIK,DUKUN,1.52%,62700,65600,64619
kabupaten_gresik,Gresik,GRESIK,GRESIK,1.51%,76300,79800,78616
kabupaten_gresik,Kebomas,GRESIK,KEBOMAS,-1.86%,118600,112100,114226
kabupaten_gresik,Kedamean,GRESIK,KEDAMEAN,1.13%,61200,63300,62592
kabupaten_gresik,Manyar,GRESIK,MANYAR,-0.25%,119300,118400,118699
kabupaten_gresik,Menganti,GRESIK,MENGANTI,-3.90%,144000,127800,132987
kabupaten_gresik,Panceng,GRESIK,PANCENG,1.37%,50500,52600,51890
kabupaten_gresik,Sarirejo,GRESIK,SARIREJO,1.62%,50600,53100,52253
kabupaten_gresik,Sidoarjo,GRESIK,SIDOARJO,0.15%,43500,43700,43633
kabupaten_gresik,Tanah Merah,GRESIK,TANAH MERAH,0.67%,29700,30300,30099
kabupaten_gresik,Wiyung,GRESIK,WIYUNG,1.87%,49000,51800,50849
kabupaten_gresik,Wringinanom,GRESIK,WRINGINANOM,-0.05%,72800,72700,72733
kota_mojokerto,Kranggan,KOTA MOJOKERTO,KRANGGAN,0.74%,35636,36438,36168
kota_mojokerto,Magersari,KOTA MOJOKERTO,MAGERSARI,0.74%,56599,57873,57445
kota_mojokerto,Prajurit Kulon,KOTA MOJOKERTO,PRAJURIT KULON,0.74%,40199,41103,40800
kota_surabaya,Asem Rowo,KOTA SURABAYA,ASEM ROWO,1.02%,46565,48000,47517
kota_surabaya,Benowo,KOTA SURABAYA,BENOWO,2.62%,67830,73300,71429
kota_surabaya,Bubutan,KOTA SURABAYA,BUBUTAN,-0.50%,98774,97300,97789
kota_surabaya,Bulak,KOTA SURABAYA,BULAK,1.55%,44977,47100,46381
kota_surabaya,Dukuh Pakis,KOTA SURABAYA,DUKUH PAKIS,-0.17%,59803,59500,59601
kota_surabaya,Gayungan,KOTA SURABAYA,GAYUNGAN,0.33%,43561,44000,43853
kota_surabaya,Genteng,KOTA SURABAYA,GENTENG,0.14%,58461,58700,58620
kota_surabaya,Gubeng,KOTA SURABAYA,GUBENG,-0.50%,135837,133800,134476
kota_surabaya,Gunung Anyar,KOTA SURABAYA,GUNUNG ANYAR,1.42%,59055,61600,60740
kota_surabaya,Jambangan,KOTA SURABAYA,JAMBANGAN,1.23%,52254,54200,53543
kota_surabaya,Karangbinangun,KOTA SURABAYA,KARANGBINANGUN,0.59%,74286,75600,75159
kota_surabaya,Kenjeran,KOTA SURABAYA,KENJERAN,1.68%,172453,181300,178302
kota_surabaya,Krembangan,KOTA SURABAYA,KREMBANGAN,0.14%,114815,115300,115138
kota_surabaya,Lakarsantri,KOTA SURABAYA,LAKARSANTRI,1.77%,60816,64100,62986
kota_surabaya,Mulyorejo,KOTA SURABAYA,MULYOREJO,0.45%,86438,87600,87211
kota_surabaya,Pabean Cantian,KOTA SURABAYA,PABEAN CANTIAN,-0.38%,75353,74500,74783
kota_surabaya,Pakal,KOTA SURABAYA,PAKAL,2.74%,57812,62700,61026
kota_surabaya,Rungkut,KOTA SURABAYA,RUNGKUT,1.29%,117306,121900,120349
kota_surabaya,Sambikerep,KOTA SURABAYA,SAMBIKEREP,1.40%,65121,67900,66961
kota_surabaya,Sedati,KOTA SURABAYA,SEDATI,-0.41%,201766,199300,200119
kota_surabaya,Sepulu,KOTA SURABAYA,SEPULU,-0.14%,183168,182400,182656
kota_surabaya,Socah,KOTA SURABAYA,SOCAH,-0.68%,94628,92700,93338
kota_surabaya,Sukodono,KOTA SURABAYA,SUKODONO,0.30%,103859,104800,104485
kota_surabaya,Sukorame,KOTA SURABAYA,SUKORAME,1.30%,110726,115100,113623
kota_surabaya,Tandes,KOTA SURABAYA,TANDES,0.22%,225527,227000,226508
kota_surabaya,Tanjungbumi,KOTA SURABAYA,TANJUNGBUMI,0.02%,91834,91900,91878
kota_surabaya,Tikung,KOTA SURABAYA,TIKUNG,-0.21%,98921,98300,98507
kota_surabaya,Tragah,KOTA SURABAYA,TRAGAH,0.43%,58253,59000,58750
kota_surabaya,Wonocolo,KOTA SURABAYA,WONOCOLO,1.28%,72587,75400,74450
kota_surabaya,Wonokromo,KOTA SURABAYA,WONOKROMO,-0.88%,159146,155000,156370
kota_surabaya,Wringinanom,KOTA SURABAYA,WRINGINANOM,0.26%,79368,80000,79789
kabupaten_lamongan,Babat,LAMONGAN,BABAT,-0.36%,92301,91300,91632
kabupaten_lamongan,Bluluk,LAMONGAN,BLULUK,-0.01%,23106,23100,23102
kabupaten_lamongan,Brondong,LAMONGAN,BRONDONG,0.72%,77023,78700,78137
kabupaten_lamongan,Deket,LAMONGAN,DEKET,0.05%,44030,44100,44077
kabupaten_lamongan,Glagah,LAMONGAN,GLAGAH,-0.19%,41539,41300,41380
kabupaten_lamongan,Kalitengah,LAMONGAN,KALITENGAH,0.58%,35867,36500,36288
kabupaten_lamongan,Karang Pilang,LAMONGAN,KARANG PILANG,0.38%,43702,44200,44033
kabupaten_lamongan,Karanggeneng,LAMONGAN,KARANGGENENG,0.37%,40445,40900,40748
kabupaten_lamongan,Kedungpring,LAMONGAN,KEDUNGPRING,-0.34%,62642,62000,62213
kabupaten_lamongan,Kembangbahu,LAMONGAN,KEMBANGBAHU,0.30%,50154,50600,50451
kabupaten_lamongan,Lamongan,LAMONGAN,LAMONGAN,0.75%,69517,71100,70568
kabupaten_lamongan,Laren,LAMONGAN,LAREN,-0.19%,51399,51100,51199
kabupaten_lamongan,Maduran,LAMONGAN,MADURAN,-2.12%,36474,34200,34942
kabupaten_lamongan,Mantup,LAMONGAN,MANTUP,0.07%,46795,46900,46865
kabupaten_lamongan,Modo,LAMONGAN,MODO,-0.12%,51386,51200,51262
kabupaten_lamongan,Ngimbang,LAMONGAN,NGIMBANG,0.33%,49008,49500,49335
kabupaten_lamongan,Paciran,LAMONGAN,PACIRAN,0.74%,97803,100000,99262
kabupaten_lamongan,Pucuk,LAMONGAN,PUCUK,-0.60%,49785,48900,49193
kabupaten_lamongan,Sambeng,LAMONGAN,SAMBENG,0.05%,52727,52800,52776
kabupaten_lamongan,Sawahan,LAMONGAN,SAWAHAN,0.85%,24958,25600,25384
kabupaten_lamongan,Semampir,LAMONGAN,SEMAMPIR,-2.63%,48091,44400,45598
kabupaten_lamongan,Sooko,LAMONGAN,SOOKO,1.26%,48057,49900,49278
kabupaten_lamongan,Sukodadi,LAMONGAN,SUKODADI,0.12%,63069,63300,63223
kabupaten_lamongan,Sukolilo,LAMONGAN,SUKOLILO,1.01%,57823,59600,59002
kabupaten_lamongan,Taman,LAMONGAN,TAMAN,-0.11%,21671,21600,21624
kabupaten_lamongan,Trawas,LAMONGAN,TRAWAS,1.16%,45983,47600,47055
kabupaten_lamongan,Waru,LAMONGAN,WARU,0.63%,54273,55300,54956
kabupaten_mojokerto,Bangsal,MOJOKERTO,BANGSAL,-0.82%,54126,52800,53238
kabupaten_mojokerto,Dawarblandong,MOJOKERTO,DAWARBLANDONG,-0.91%,53653,52200,52680
kabupaten_mojokerto,Dlanggu,MOJOKERTO,DLANGGU,-0.68%,59102,57900,58298
kabupaten_mojokerto,Gedeg,MOJOKERTO,GEDEG,-1.37%,60770,58300,59112
kabupaten_mojokerto,Gondang,MOJOKERTO,GONDANG,-0.73%,45389,44400,44727
kabupaten_mojokerto,Jatirejo,MOJOKERTO,JATIREJO,-0.83%,46346,45200,45579
kabupaten_mojokerto,Jetis,MOJOKERTO,JETIS,-0.51%,89266,87900,88353
kabupaten_mojokerto,Kemlagi,MOJOKERTO,KEMLAGI,-0.92%,61782,60100,60656
kabupaten_mojokerto,Kutorejo,MOJOKERTO,KUTOREJO,-0.26%,68527,68000,68175
kabupaten_mojokerto,Mojoanyar,MOJOKERTO,MOJOANYAR,-1.13%,51741,50000,50574
kabupaten_mojokerto,Mojosari,MOJOKERTO,MOJOSARI,-0.89%,82574,80400,81118
kabupaten_mojokerto,Ngoro,MOJOKERTO,NGORO,-0.41%,86669,85600,85955
kabupaten_mojokerto,Pacet,MOJOKERTO,PACET,-0.57%,61643,60600,60946
kabupaten_mojokerto,Pungging,MOJOKERTO,PUNGGING,-0.52%,82069,80800,81221
kabupaten_mojokerto,Puri,MOJOKERTO,PURI,-0.34%,80622,79800,80073
kabupaten_mojokerto,Sugio,MOJOKERTO,SUGIO,-0.52%,75885,74700,75093
kabupaten_mojokerto,Tulangan,MOJOKERTO,TULANGAN,-0.31%,32000,31700,31800
kabupaten_mojokerto,Turi,MOJOKERTO,TURI,-0.59%,78584,77200,77659
kabupaten_sidoarjo,Balongbendo,SIDOARJO,BALONGBENDO,0.60%,72583,73900,73458
kabupaten_sidoarjo,Buduran,SIDOARJO,BUDURAN,-1.47%,103491,99000,100475
kabupaten_sidoarjo,Candi,SIDOARJO,CANDI,-0.99%,158569,153900,155441
kabupaten_sidoarjo,Gedangan,SIDOARJO,GEDANGAN,-2.99%,129576,118300,121945
kabupaten_sidoarjo,Jabon,SIDOARJO,JABON,1.42%,52906,55200,54424
kabupaten_sidoarjo,Krembung,SIDOARJO,KREMBUNG,1.41%,65592,68400,67451
kabupaten_sidoarjo,Krian,SIDOARJO,KRIAN,-1.37%,135919,130400,132214
kabupaten_sidoarjo,Porong,SIDOARJO,PORONG,0.60%,68950,70200,69781
kabupaten_sidoarjo,Prambon,SIDOARJO,PRAMBON,0.01%,78477,78500,78492
kabupaten_sidoarjo,Sekaran,SIDOARJO,SEKARAN,-3.96%,107577,95300,99228
kabupaten_sidoarjo,Simokerto,SIDOARJO,SIMOKERTO,-0.80%,202627,197800,199396
kabupaten_sidoarjo,Sukomanunggal,SIDOARJO,SUKOMANUNGGAL,-2.92%,133343,122000,125670
kabupaten_sidoarjo,Tambaksari,SIDOARJO,TAMBAKSARI,-2.69%,217503,200400,205946
kabupaten_sidoarjo,Tarik,SIDOARJO,TARIK,0.59%,85681,87200,86691
kabupaten_sidoarjo,Tenggilis Mejoyo,SIDOARJO,TENGGILIS MEJOYO,0.71%,66084,67500,67025
kabupaten_sidoarjo,Ujungpangkah,SIDOARJO,UJUNGPANGKAH,-0.56%,102919,101200,101770
kabupaten_sidoarjo,Wonoayu,SIDOARJO,WONOAYU,-4.10%,220050,194100,202391
kabupaten_sidoarjo,Wonokromo,SIDOARJO,WONOKROMO,1.16%,80954,83800,82840
