Tahun,Wilayah,Sektor,Kategori,Nilai_PDRB
2014,jawa_timur,A,pertanian,155783960
2014,jawa_timur,B,pertambangan,60862350
2014,jawa_timur,C,industri,372316290
2014,jawa_timur,D,listrik ,4545120
2014,jawa_timur,E,pengadaan-air,1234130
2014,jawa_timur,F,konstruksi,116498230
2014,jawa_timur,G,perdagangan,230225810
2014,jawa_timur,H,transportasi ,36461760
2014,jawa_timur,I,makan-minum,62807800
2014,jawa_timur,J,komunikasi,69155100
2014,jawa_timur,K,keuangan ,32399640
2014,jawa_timur,L,real-estat,21998290
2014,jawa_timur,"M, N",jasa-perusahaan,9815000
2014,jawa_timur,O,pemerintahan,28729580
2014,jawa_timur,PDRB,pendidikan,33164900
2014,jawa_timur,Q,kesehatan,8212850
2014,jawa_timur,"R, S, T, U",jasa-lainnya,18473700
2015,jawa_timur,A,pertanian,160889400
2015,jawa_timur,B,pertambangan,65707010
2015,jawa_timur,C,industri,393272950
2015,jawa_timur,D,listrik ,4455270
2015,jawa_timur,E,pengadaan-air,1299270
2015,jawa_timur,F,konstruksi,120688270
2015,jawa_timur,G,perdagangan,243014660
2015,jawa_timur,H,transportasi ,38895670
2015,jawa_timur,I,makan-minum,67657040
2015,jawa_timur,J,komunikasi,73639960
2015,jawa_timur,K,keuangan ,34730260
2015,jawa_timur,L,real-estat,23092640
2015,jawa_timur,"M, N",jasa-perusahaan,10349050
2015,jawa_timur,O,pemerintahan,30236250
2015,jawa_timur,PDRB,pendidikan,35330670
2015,jawa_timur,Q,kesehatan,8743340
2015,jawa_timur,"R, S, T, U",jasa-lainnya,19374390
2016,jawa_timur,A,pertanian,164762910
2016,jawa_timur,B,pertambangan,75024890
2016,jawa_timur,C,industri,410741310
2016,jawa_timur,D,listrik ,4483930
2016,jawa_timur,E,pengadaan-air,1366670
2016,jawa_timur,F,konstruksi,127334640
2016,jawa_timur,G,perdagangan,257126660
2016,jawa_timur,H,transportasi ,41115330
2016,jawa_timur,I,makan-minum,73397920
2016,jawa_timur,J,komunikasi,79216960
2016,jawa_timur,K,keuangan ,37158620
2016,jawa_timur,L,real-estat,24298540
2016,jawa_timur,"M, N",jasa-perusahaan,10884700
2016,jawa_timur,O,pemerintahan,31668140
2016,jawa_timur,PDRB,pendidikan,37438700
2016,jawa_timur,Q,kesehatan,9245380
2016,jawa_timur,"R, S, T, U",jasa-lainnya,20298200
2017,jawa_timur,A,pertanian,167360570
2017,jawa_timur,B,pertambangan,80636380
2017,jawa_timur,C,industri,434114160
2017,jawa_timur,D,listrik ,4599540
2017,jawa_timur,E,pengadaan-air,1454640
2017,jawa_timur,F,konstruksi,136136390
2017,jawa_timur,G,perdagangan,273213400
2017,jawa_timur,H,transportasi ,43835330
2017,jawa_timur,I,makan-minum,79202190
2017,jawa_timur,J,komunikasi,84699180
2017,jawa_timur,K,keuangan ,38064500
2017,jawa_timur,L,real-estat,25247600
2017,jawa_timur,"M, N",jasa-perusahaan,11486870
2017,jawa_timur,O,pemerintahan,32369740
2017,jawa_timur,PDRB,pendidikan,38931650
2017,jawa_timur,Q,kesehatan,9743840
2017,jawa_timur,"R, S, T, U",jasa-lainnya,21203590
2018,jawa_timur,A,pertanian,163799940
2018,jawa_timur,B,pertambangan,82573560
2018,jawa_timur,C,industri,466908040
2018,jawa_timur,D,listrik ,4499000
2018,jawa_timur,E,pengadaan-air,1515430
2018,jawa_timur,F,konstruksi,145140200
2018,jawa_timur,G,perdagangan,290136300
2018,jawa_timur,H,transportasi ,46712450
2018,jawa_timur,I,makan-minum,85237500
2018,jawa_timur,J,komunikasi,90416220
2018,jawa_timur,K,keuangan ,39859920
2018,jawa_timur,L,real-estat,26823050
2018,jawa_timur,"M, N",jasa-perusahaan,12308510
2018,jawa_timur,O,pemerintahan,33730190
2018,jawa_timur,PDRB,pendidikan,41036230
2018,jawa_timur,Q,kesehatan,10485660
2018,jawa_timur,"R, S, T, U",jasa-lainnya,22259620
2019,jawa_timur,A,pertanian,165951230
2019,jawa_timur,B,pertambangan,83847020
2019,jawa_timur,C,industri,498740300
2019,jawa_timur,D,listrik ,4561030
2019,jawa_timur,E,pengadaan-air,1586730
2019,jawa_timur,F,konstruksi,153689590
2019,jawa_timur,G,perdagangan,307440920
2019,jawa_timur,H,transportasi ,48471400
2019,jawa_timur,I,makan-minum,91659390
2019,jawa_timur,J,komunikasi,97070640
2019,jawa_timur,K,keuangan ,41374530
2019,jawa_timur,L,real-estat,28441500
2019,jawa_timur,"M, N",jasa-perusahaan,13128020
2019,jawa_timur,O,pemerintahan,34984340
2019,jawa_timur,PDRB,pendidikan,44018960
2019,jawa_timur,Q,kesehatan,11277800
2019,jawa_timur,"R, S, T, U",jasa-lainnya,23652240
2020,jawa_timur,A,pertanian,167631240
2020,jawa_timur,B,pertambangan,80897970
2020,jawa_timur,C,industri,488376560
2020,jawa_timur,D,listrik ,4451890
2020,jawa_timur,E,pengadaan-air,1666530
2020,jawa_timur,F,konstruksi,148652440
2020,jawa_timur,G,perdagangan,289656360
2020,jawa_timur,H,transportasi ,43466260
2020,jawa_timur,I,makan-minum,83548620
2020,jawa_timur,J,komunikasi,106612550
2020,jawa_timur,K,keuangan ,41449260
2020,jawa_timur,L,real-estat,29565690
2020,jawa_timur,"M, N",jasa-perusahaan,12180020
2020,jawa_timur,O,pemerintahan,34848510
2020,jawa_timur,PDRB,pendidikan,45760000
2020,jawa_timur,Q,kesehatan,12239460
2020,jawa_timur,"R, S, T, U",jasa-lainnya,20389190
2021,jawa_timur,A,pertanian,170556770
2021,jawa_timur,B,pertambangan,77270040
2021,jawa_timur,C,industri,504889130
2021,jawa_timur,D,listrik ,4711100
2021,jawa_timur,E,pengadaan-air,1761000
2021,jawa_timur,F,konstruksi,152417900
2021,jawa_timur,G,perdagangan,312154690
2021,jawa_timur,H,transportasi ,44556660
2021,jawa_timur,I,makan-minum,86108360
2021,jawa_timur,J,komunikasi,113956930
2021,jawa_timur,K,keuangan ,42116040
2021,jawa_timur,L,real-estat,30241300
2021,jawa_timur,"M, N",jasa-perusahaan,12466400
2021,jawa_timur,O,pemerintahan,34948540
2021,jawa_timur,PDRB,pendidikan,46185090
2021,jawa_timur,Q,kesehatan,12847310
2021,jawa_timur,"R, S, T, U",jasa-lainnya,21567090
2022,jawa_timur,A,pertanian,173747560
2022,jawa_timur,B,pertambangan,71865200
2022,jawa_timur,C,industri,536394030
2022,jawa_timur,D,listrik ,5065010
2022,jawa_timur,E,pengadaan-air,1800780
2022,jawa_timur,F,konstruksi,162018820
2022,jawa_timur,G,perdagangan,333626690
2022,jawa_timur,H,transportasi ,53240330
2022,jawa_timur,I,makan-minum,94152210
2022,jawa_timur,J,komunikasi,119126090
2022,jawa_timur,K,keuangan ,43096150
2022,jawa_timur,L,real-estat,31618650
2022,jawa_timur,"M, N",jasa-perusahaan,13112650
2022,jawa_timur,O,pemerintahan,35038580
2022,jawa_timur,PDRB,pendidikan,46578620
2022,jawa_timur,Q,kesehatan,13143410
2022,jawa_timur,"R, S, T, U",jasa-lainnya,24250110
2023,jawa_timur,A,pertanian,177668870
2023,jawa_timur,B,pertambangan,73050780
2023,jawa_timur,C,industri,558417350
2023,jawa_timur,D,listrik ,6292490
2023,jawa_timur,E,pengadaan-air,1853360
2023,jawa_timur,F,konstruksi,170216240
2023,jawa_timur,G,perdagangan,352847770
2023,jawa_timur,H,transportasi ,60314160
2023,jawa_timur,I,makan-minum,101732190
2023,jawa_timur,J,komunikasi,126989400
2023,jawa_timur,K,keuangan ,44736200
2023,jawa_timur,L,real-estat,32469010
2023,jawa_timur,"M, N",jasa-perusahaan,14196940
2023,jawa_timur,O,pemerintahan,35054160
2023,jawa_timur,PDRB,pendidikan,48831830
2023,jawa_timur,Q,kesehatan,13645760
2023,jawa_timur,"R, S, T, U",jasa-lainnya,26492180
2024,jawa_timur,A,pertanian,177789800
2024,jawa_timur,B,pertambangan,72588570
2024,jawa_timur,C,industri,588589260
2024,jawa_timur,D,listrik ,6727740
2024,jawa_timur,E,pengadaan-air,1898560
2024,jawa_timur,F,konstruksi,181967620
2024,jawa_timur,G,perdagangan,368883680
2024,jawa_timur,H,transportasi ,66044110
2024,jawa_timur,I,makan-minum,108833450
2024,jawa_timur,J,komunikasi,135143730
2024,jawa_timur,K,keuangan ,46483850
2024,jawa_timur,L,real-estat,33414390
2024,jawa_timur,"M, N",jasa-perusahaan,15316230
2024,jawa_timur,O,pemerintahan,37780980
2024,jawa_timur,PDRB,pendidikan,51184270
2024,jawa_timur,Q,kesehatan,14399030
2024,jawa_timur,"R, S, T, U",jasa-lainnya,28764880
2014,sumatera_barat,A,pertanian,32151490
2014,sumatera_barat,B,pertambangan,5923570
2014,sumatera_barat,C,industri,15140070
2014,sumatera_barat,D,listrik ,140010
2014,sumatera_barat,E,pengadaan-air,133700
2014,sumatera_barat,F,konstruksi,11523580
2014,sumatera_barat,G,perdagangan,20523150
2014,sumatera_barat,H,transportasi ,14929950
2014,sumatera_barat,I,makan-minum,1329400
2014,sumatera_barat,J,komunikasi,8322870
2014,sumatera_barat,K,keuangan ,4041350
2014,sumatera_barat,L,real-estat,2609890
2014,sumatera_barat,"M, N",jasa-perusahaan,585990
2014,sumatera_barat,O,pemerintahan,7511120
2014,sumatera_barat,PDRB,pendidikan,4657620
2014,sumatera_barat,Q,kesehatan,1749930
2014,sumatera_barat,"R, S, T, U",jasa-lainnya,2067170
2015,sumatera_barat,A,pertanian,33546760
2015,sumatera_barat,B,pertambangan,6144580
2015,sumatera_barat,C,industri,15418540
2015,sumatera_barat,D,listrik ,145690
2015,sumatera_barat,E,pengadaan-air,141710
2015,sumatera_barat,F,konstruksi,12315040
2015,sumatera_barat,G,perdagangan,21626610
2015,sumatera_barat,H,transportasi ,16259290
2015,sumatera_barat,I,makan-minum,1420410
2015,sumatera_barat,J,komunikasi,9080560
2015,sumatera_barat,K,keuangan ,4188230
2015,sumatera_barat,L,real-estat,2748100
2015,sumatera_barat,"M, N",jasa-perusahaan,620610
2015,sumatera_barat,O,pemerintahan,7895350
2015,sumatera_barat,PDRB,pendidikan,5022030
2015,sumatera_barat,Q,kesehatan,1881300
2015,sumatera_barat,"R, S, T, U",jasa-lainnya,2264680
2016,sumatera_barat,A,pertanian,34222560
2016,sumatera_barat,B,pertambangan,6267610
2016,sumatera_barat,C,industri,16174100
2016,sumatera_barat,D,listrik ,161630
2016,sumatera_barat,E,pengadaan-air,150770
2016,sumatera_barat,F,konstruksi,13126840
2016,sumatera_barat,G,perdagangan,22796930
2016,sumatera_barat,H,transportasi ,17506910
2016,sumatera_barat,I,makan-minum,1557100
2016,sumatera_barat,J,komunikasi,9934330
2016,sumatera_barat,K,keuangan ,4524390
2016,sumatera_barat,L,real-estat,2895560
2016,sumatera_barat,"M, N",jasa-perusahaan,651280
2016,sumatera_barat,O,pemerintahan,8286950
2016,sumatera_barat,PDRB,pendidikan,5416450
2016,sumatera_barat,Q,kesehatan,1984290
2016,sumatera_barat,"R, S, T, U",jasa-lainnya,2476540
2017,sumatera_barat,A,pertanian,35394690
2017,sumatera_barat,B,pertambangan,6338270
2017,sumatera_barat,C,industri,16540820
2017,sumatera_barat,D,listrik ,168200
2017,sumatera_barat,E,pengadaan-air,156740
2017,sumatera_barat,F,konstruksi,14075900
2017,sumatera_barat,G,perdagangan,24279260
2017,sumatera_barat,H,transportasi ,18762200
2017,sumatera_barat,I,makan-minum,1693490
2017,sumatera_barat,J,komunikasi,10802640
2017,sumatera_barat,K,keuangan ,4619810
2017,sumatera_barat,L,real-estat,3025620
2017,sumatera_barat,"M, N",jasa-perusahaan,685060
2017,sumatera_barat,O,pemerintahan,8659080
2017,sumatera_barat,PDRB,pendidikan,5954630
2017,sumatera_barat,Q,kesehatan,2154590
2017,sumatera_barat,"R, S, T, U",jasa-lainnya,2673390
2018,sumatera_barat,A,pertanian,36639600
2018,sumatera_barat,B,pertambangan,6705050
2018,sumatera_barat,C,industri,16444840
2018,sumatera_barat,D,listrik ,175080
2018,sumatera_barat,E,pengadaan-air,160240
2018,sumatera_barat,F,konstruksi,15061090
2018,sumatera_barat,G,perdagangan,25976540
2018,sumatera_barat,H,transportasi ,19969550
2018,sumatera_barat,I,makan-minum,1832880
2018,sumatera_barat,J,komunikasi,11723220
2018,sumatera_barat,K,keuangan ,4665420
2018,sumatera_barat,L,real-estat,3166850
2018,sumatera_barat,"M, N",jasa-perusahaan,722430
2018,sumatera_barat,O,pemerintahan,9175850
2018,sumatera_barat,PDRB,pendidikan,6382700
2018,sumatera_barat,Q,kesehatan,2311450
2018,sumatera_barat,"R, S, T, U",jasa-lainnya,2883400
2019,sumatera_barat,A,pertanian,37549460
2019,sumatera_barat,B,pertambangan,7121860
2019,sumatera_barat,C,industri,16118650
2019,sumatera_barat,D,listrik ,182440
2019,sumatera_barat,E,pengadaan-air,170010
2019,sumatera_barat,F,konstruksi,16336310
2019,sumatera_barat,G,perdagangan,27869920
2019,sumatera_barat,H,transportasi ,20918710
2019,sumatera_barat,I,makan-minum,1981560
2019,sumatera_barat,J,komunikasi,12746460
2019,sumatera_barat,K,keuangan ,4772020
2019,sumatera_barat,L,real-estat,3381410
2019,sumatera_barat,"M, N",jasa-perusahaan,767250
2019,sumatera_barat,O,pemerintahan,9814880
2019,sumatera_barat,PDRB,pendidikan,6889400
2019,sumatera_barat,Q,kesehatan,2485720
2019,sumatera_barat,"R, S, T, U",jasa-lainnya,3099510
2020,sumatera_barat,A,pertanian,37993390
2020,sumatera_barat,B,pertambangan,7028910
2020,sumatera_barat,C,industri,16031820
2020,sumatera_barat,D,listrik ,170030
2020,sumatera_barat,E,pengadaan-air,168250
2020,sumatera_barat,F,konstruksi,15854140
2020,sumatera_barat,G,perdagangan,27552850
2020,sumatera_barat,H,transportasi ,17551680
2020,sumatera_barat,I,makan-minum,1665500
2020,sumatera_barat,J,komunikasi,13963890
2020,sumatera_barat,K,keuangan ,4836000
2020,sumatera_barat,L,real-estat,3388830
2020,sumatera_barat,"M, N",jasa-perusahaan,736710
2020,sumatera_barat,O,pemerintahan,9757160
2020,sumatera_barat,PDRB,pendidikan,7235890
2020,sumatera_barat,Q,kesehatan,2705240
2020,sumatera_barat,"R, S, T, U",jasa-lainnya,2786310
2021,sumatera_barat,A,pertanian,38820710
2021,sumatera_barat,B,pertambangan,6904550
2021,sumatera_barat,C,industri,16628370
2021,sumatera_barat,D,listrik ,175370
2021,sumatera_barat,E,pengadaan-air,177560
2021,sumatera_barat,F,konstruksi,16200240
2021,sumatera_barat,G,perdagangan,28956930
2021,sumatera_barat,H,transportasi ,17998210
2021,sumatera_barat,I,makan-minum,1759790
2021,sumatera_barat,J,komunikasi,14860130
2021,sumatera_barat,K,keuangan ,5244910
2021,sumatera_barat,L,real-estat,3470470
2021,sumatera_barat,"M, N",jasa-perusahaan,745040
2021,sumatera_barat,O,pemerintahan,9840450
2021,sumatera_barat,PDRB,pendidikan,7368590
2021,sumatera_barat,Q,kesehatan,2864360
2021,sumatera_barat,"R, S, T, U",jasa-lainnya,2984220
2022,sumatera_barat,A,pertanian,40188630
2022,sumatera_barat,B,pertambangan,7038280
2022,sumatera_barat,C,industri,16918570
2022,sumatera_barat,D,listrik ,181010
2022,sumatera_barat,E,pengadaan-air,184520
2022,sumatera_barat,F,konstruksi,16607630
2022,sumatera_barat,G,perdagangan,30577860
2022,sumatera_barat,H,transportasi ,19030280
2022,sumatera_barat,I,makan-minum,2037610
2022,sumatera_barat,J,komunikasi,15902750
2022,sumatera_barat,K,keuangan ,5482850
2022,sumatera_barat,L,real-estat,3671090
2022,sumatera_barat,"M, N",jasa-perusahaan,799640
2022,sumatera_barat,O,pemerintahan,9927920
2022,sumatera_barat,PDRB,pendidikan,7746600
2022,sumatera_barat,Q,kesehatan,2994270
2022,sumatera_barat,"R, S, T, U",jasa-lainnya,3338860
2023,sumatera_barat,A,pertanian,41612830
2023,sumatera_barat,B,pertambangan,7365810
2023,sumatera_barat,C,industri,17440380
2023,sumatera_barat,D,listrik ,188530
2023,sumatera_barat,E,pengadaan-air,189560
2023,sumatera_barat,F,konstruksi,17580380
2023,sumatera_barat,G,perdagangan,32029010
2023,sumatera_barat,H,transportasi ,20128400
2023,sumatera_barat,I,makan-minum,2194620
2023,sumatera_barat,J,komunikasi,17117630
2023,sumatera_barat,K,keuangan ,5635500
2023,sumatera_barat,L,real-estat,3903010
2023,sumatera_barat,"M, N",jasa-perusahaan,854690
2023,sumatera_barat,O,pemerintahan,10120910
2023,sumatera_barat,PDRB,pendidikan,7888880
2023,sumatera_barat,Q,kesehatan,3212560
2023,sumatera_barat,"R, S, T, U",jasa-lainnya,3607850
2024,sumatera_barat,A,pertanian,42467740
2024,sumatera_barat,B,pertambangan,7658030
2024,sumatera_barat,C,industri,17894040
2024,sumatera_barat,D,listrik ,196820
2024,sumatera_barat,E,pengadaan-air,196510
2024,sumatera_barat,F,konstruksi,18384650
2024,sumatera_barat,G,perdagangan,33570180
2024,sumatera_barat,H,transportasi ,21248290
2024,sumatera_barat,I,makan-minum,2312370
2024,sumatera_barat,J,komunikasi,18050930
2024,sumatera_barat,K,keuangan ,5976830
2024,sumatera_barat,L,real-estat,4132190
2024,sumatera_barat,"M, N",jasa-perusahaan,895040
2024,sumatera_barat,O,pemerintahan,11017420
2024,sumatera_barat,PDRB,pendidikan,8143870
2024,sumatera_barat,Q,kesehatan,3392380
2024,sumatera_barat,"R, S, T, U",jasa-lainnya,3870090
2014,kota_mojokerto,A,pertanian,23757
2014,kota_mojokerto,B,pertambangan,0
2014,kota_mojokerto,C,industri,402595
2014,kota_mojokerto,D,listrik ,3633
2014,kota_mojokerto,E,pengadaan-air,5217
2014,kota_mojokerto,F,konstruksi,420012
2014,kota_mojokerto,G,perdagangan,1120277
2014,kota_mojokerto,H,transportasi ,96877
2014,kota_mojokerto,I,makan-minum,229793
2014,kota_mojokerto,J,komunikasi,523834
2014,kota_mojokerto,K,keuangan ,280530
2014,kota_mojokerto,L,real-estat,109028
2014,kota_mojokerto,"M, N",jasa-perusahaan,28291
2014,kota_mojokerto,O,pemerintahan,173388
2014,kota_mojokerto,PDRB,pendidikan,165026
2014,kota_mojokerto,Q,kesehatan,45870
2014,kota_mojokerto,"R, S, T, U",jasa-lainnya,146508
2015,kota_mojokerto,A,pertanian,24470
2015,kota_mojokerto,B,pertambangan,0
2015,kota_mojokerto,C,industri,427100
2015,kota_mojokerto,D,listrik ,3710
2015,kota_mojokerto,E,pengadaan-air,5350
2015,kota_mojokerto,F,konstruksi,434900
2015,kota_mojokerto,G,perdagangan,1185370
2015,kota_mojokerto,H,transportasi ,102010
2015,kota_mojokerto,I,makan-minum,244230
2015,kota_mojokerto,J,komunikasi,563280
2015,kota_mojokerto,K,keuangan ,297280
2015,kota_mojokerto,L,real-estat,113710
2015,kota_mojokerto,"M, N",jasa-perusahaan,29870
2015,kota_mojokerto,O,pemerintahan,183380
2015,kota_mojokerto,PDRB,pendidikan,175620
2015,kota_mojokerto,Q,kesehatan,47290
2015,kota_mojokerto,"R, S, T, U",jasa-lainnya,153810
2016,kota_mojokerto,A,pertanian,24950
2016,kota_mojokerto,B,pertambangan,0
2016,kota_mojokerto,C,industri,451450
2016,kota_mojokerto,D,listrik ,3840
2016,kota_mojokerto,E,pengadaan-air,5560
2016,kota_mojokerto,F,konstruksi,455970
2016,kota_mojokerto,G,perdagangan,1250940
2016,kota_mojokerto,H,transportasi ,107660
2016,kota_mojokerto,I,makan-minum,261940
2016,kota_mojokerto,J,komunikasi,604070
2016,kota_mojokerto,K,keuangan ,315460
2016,kota_mojokerto,L,real-estat,119380
2016,kota_mojokerto,"M, N",jasa-perusahaan,31340
2016,kota_mojokerto,O,pemerintahan,192780
2016,kota_mojokerto,PDRB,pendidikan,185640
2016,kota_mojokerto,Q,kesehatan,50010
2016,kota_mojokerto,"R, S, T, U",jasa-lainnya,160830
2017,kota_mojokerto,A,pertanian,25360
2017,kota_mojokerto,B,pertambangan,0
2017,kota_mojokerto,C,industri,479250
2017,kota_mojokerto,D,listrik ,4000
2017,kota_mojokerto,E,pengadaan-air,5840
2017,kota_mojokerto,F,konstruksi,483700
2017,kota_mojokerto,G,perdagangan,1327940
2017,kota_mojokerto,H,transportasi ,115050
2017,kota_mojokerto,I,makan-minum,281230
2017,kota_mojokerto,J,komunikasi,644050
2017,kota_mojokerto,K,keuangan ,325380
2017,kota_mojokerto,L,real-estat,123840
2017,kota_mojokerto,"M, N",jasa-perusahaan,33000
2017,kota_mojokerto,O,pemerintahan,199250
2017,kota_mojokerto,PDRB,pendidikan,192720
2017,kota_mojokerto,Q,kesehatan,52710
2017,kota_mojokerto,"R, S, T, U",jasa-lainnya,167110
2018,kota_mojokerto,A,pertanian,25550
2018,kota_mojokerto,B,pertambangan,0
2018,kota_mojokerto,C,industri,507000
2018,kota_mojokerto,D,listrik ,4190
2018,kota_mojokerto,E,pengadaan-air,6080
2018,kota_mojokerto,F,konstruksi,511850
2018,kota_mojokerto,G,perdagangan,1410090
2018,kota_mojokerto,H,transportasi ,122210
2018,kota_mojokerto,I,makan-minum,303430
2018,kota_mojokerto,J,komunikasi,685620
2018,kota_mojokerto,K,keuangan ,340460
2018,kota_mojokerto,L,real-estat,128760
2018,kota_mojokerto,"M, N",jasa-perusahaan,34760
2018,kota_mojokerto,O,pemerintahan,208050
2018,kota_mojokerto,PDRB,pendidikan,200800
2018,kota_mojokerto,Q,kesehatan,55680
2018,kota_mojokerto,"R, S, T, U",jasa-lainnya,174400
2019,kota_mojokerto,A,pertanian,25160
2019,kota_mojokerto,B,pertambangan,0
2019,kota_mojokerto,C,industri,522360
2019,kota_mojokerto,D,listrik ,4450
2019,kota_mojokerto,E,pengadaan-air,6380
2019,kota_mojokerto,F,konstruksi,541450
2019,kota_mojokerto,G,perdagangan,1492980
2019,kota_mojokerto,H,transportasi ,131720
2019,kota_mojokerto,I,makan-minum,327020
2019,kota_mojokerto,J,komunikasi,734250
2019,kota_mojokerto,K,keuangan ,355620
2019,kota_mojokerto,L,real-estat,133950
2019,kota_mojokerto,"M, N",jasa-perusahaan,36630
2019,kota_mojokerto,O,pemerintahan,216930
2019,kota_mojokerto,PDRB,pendidikan,213160
2019,kota_mojokerto,Q,kesehatan,59020
2019,kota_mojokerto,"R, S, T, U",jasa-lainnya,184590
2020,kota_mojokerto,A,pertanian,27210
2020,kota_mojokerto,B,pertambangan,0
2020,kota_mojokerto,C,industri,503810
2020,kota_mojokerto,D,listrik ,4440
2020,kota_mojokerto,E,pengadaan-air,6660
2020,kota_mojokerto,F,konstruksi,507530
2020,kota_mojokerto,G,perdagangan,1355600
2020,kota_mojokerto,H,transportasi ,123240
2020,kota_mojokerto,I,makan-minum,300350
2020,kota_mojokerto,J,komunikasi,792050
2020,kota_mojokerto,K,keuangan ,355690
2020,kota_mojokerto,L,real-estat,138340
2020,kota_mojokerto,"M, N",jasa-perusahaan,33980
2020,kota_mojokerto,O,pemerintahan,211690
2020,kota_mojokerto,PDRB,pendidikan,219290
2020,kota_mojokerto,Q,kesehatan,63780
2020,kota_mojokerto,"R, S, T, U",jasa-lainnya,157810
2021,kota_mojokerto,A,pertanian,26550
2021,kota_mojokerto,B,pertambangan,0
2021,kota_mojokerto,C,industri,518810
2021,kota_mojokerto,D,listrik ,4550
2021,kota_mojokerto,E,pengadaan-air,7070
2021,kota_mojokerto,F,konstruksi,511900
2021,kota_mojokerto,G,perdagangan,1444300
2021,kota_mojokerto,H,transportasi ,130520
2021,kota_mojokerto,I,makan-minum,304720
2021,kota_mojokerto,J,komunikasi,836420
2021,kota_mojokerto,K,keuangan ,357490
2021,kota_mojokerto,L,real-estat,138680
2021,kota_mojokerto,"M, N",jasa-perusahaan,34270
2021,kota_mojokerto,O,pemerintahan,211250
2021,kota_mojokerto,PDRB,pendidikan,219970
2021,kota_mojokerto,Q,kesehatan,66290
2021,kota_mojokerto,"R, S, T, U",jasa-lainnya,163670
2022,kota_mojokerto,A,pertanian,25730
2022,kota_mojokerto,B,pertambangan,0
2022,kota_mojokerto,C,industri,550280
2022,kota_mojokerto,D,listrik ,4820
2022,kota_mojokerto,E,pengadaan-air,7190
2022,kota_mojokerto,F,konstruksi,547010
2022,kota_mojokerto,G,perdagangan,1536990
2022,kota_mojokerto,H,transportasi ,150340
2022,kota_mojokerto,I,makan-minum,328320
2022,kota_mojokerto,J,komunikasi,873760
2022,kota_mojokerto,K,keuangan ,359750
2022,kota_mojokerto,L,real-estat,143820
2022,kota_mojokerto,"M, N",jasa-perusahaan,34800
2022,kota_mojokerto,O,pemerintahan,212120
2022,kota_mojokerto,PDRB,pendidikan,223420
2022,kota_mojokerto,Q,kesehatan,66760
2022,kota_mojokerto,"R, S, T, U",jasa-lainnya,187900
2023,kota_mojokerto,A,pertanian,23920
2023,kota_mojokerto,B,pertambangan,0
2023,kota_mojokerto,C,industri,473740
2023,kota_mojokerto,D,listrik ,5070
2023,kota_mojokerto,E,pengadaan-air,7430
2023,kota_mojokerto,F,konstruksi,549380
2023,kota_mojokerto,G,perdagangan,1621920
2023,kota_mojokerto,H,transportasi ,166450
2023,kota_mojokerto,I,makan-minum,357850
2023,kota_mojokerto,J,komunikasi,926200
2023,kota_mojokerto,K,keuangan ,369650
2023,kota_mojokerto,L,real-estat,148130
2023,kota_mojokerto,"M, N",jasa-perusahaan,37420
2023,kota_mojokerto,O,pemerintahan,213540
2023,kota_mojokerto,PDRB,pendidikan,231390
2023,kota_mojokerto,Q,kesehatan,70390
2023,kota_mojokerto,"R, S, T, U",jasa-lainnya,197130
2024,kota_mojokerto,A,pertanian,23370
2024,kota_mojokerto,B,pertambangan,0
2024,kota_mojokerto,C,industri,490020
2024,kota_mojokerto,D,listrik ,5320
2024,kota_mojokerto,E,pengadaan-air,7520
2024,kota_mojokerto,F,konstruksi,572680
2024,kota_mojokerto,G,perdagangan,1679350
2024,kota_mojokerto,H,transportasi ,182660
2024,kota_mojokerto,I,makan-minum,377580
2024,kota_mojokerto,J,komunikasi,999600
2024,kota_mojokerto,K,keuangan ,394810
2024,kota_mojokerto,L,real-estat,156350
2024,kota_mojokerto,"M, N",jasa-perusahaan,39610
2024,kota_mojokerto,O,pemerintahan,224570
2024,kota_mojokerto,PDRB,pendidikan,244920
2024,kota_mojokerto,Q,kesehatan,74850
2024,kota_mojokerto,"R, S, T, U",jasa-lainnya,213590
2014,kabupaten_mojokerto,A,pertanian,3663419
2014,kabupaten_mojokerto,B,pertambangan,431802
2014,kabupaten_mojokerto,C,industri,23451002
2014,kabupaten_mojokerto,D,listrik ,32878
2014,kabupaten_mojokerto,E,pengadaan-air,31299
2014,kabupaten_mojokerto,F,konstruksi,4110407
2014,kabupaten_mojokerto,G,perdagangan,4715267
2014,kabupaten_mojokerto,H,transportasi ,522268
2014,kabupaten_mojokerto,I,makan-minum,809107
2014,kabupaten_mojokerto,J,komunikasi,2838896
2014,kabupaten_mojokerto,K,keuangan ,648665
2014,kabupaten_mojokerto,L,real-estat,715805
2014,kabupaten_mojokerto,"M, N",jasa-perusahaan,69252
2014,kabupaten_mojokerto,O,pemerintahan,1059415
2014,kabupaten_mojokerto,PDRB,pendidikan,584578
2014,kabupaten_mojokerto,Q,kesehatan,178019
2014,kabupaten_mojokerto,"R, S, T, U",jasa-lainnya,429977
2015,kabupaten_mojokerto,A,pertanian,3741890
2015,kabupaten_mojokerto,B,pertambangan,440320
2015,kabupaten_mojokerto,C,industri,24995190
2015,kabupaten_mojokerto,D,listrik ,33800
2015,kabupaten_mojokerto,E,pengadaan-air,32040
2015,kabupaten_mojokerto,F,konstruksi,4245330
2015,kabupaten_mojokerto,G,perdagangan,4966320
2015,kabupaten_mojokerto,H,transportasi ,552930
2015,kabupaten_mojokerto,I,makan-minum,878940
2015,kabupaten_mojokerto,J,komunikasi,3026240
2015,kabupaten_mojokerto,K,keuangan ,693450
2015,kabupaten_mojokerto,L,real-estat,754270
2015,kabupaten_mojokerto,"M, N",jasa-perusahaan,73180
2015,kabupaten_mojokerto,O,pemerintahan,1104660
2015,kabupaten_mojokerto,PDRB,pendidikan,623930
2015,kabupaten_mojokerto,Q,kesehatan,184000
2015,kabupaten_mojokerto,"R, S, T, U",jasa-lainnya,445860
2016,kabupaten_mojokerto,A,pertanian,3848050
2016,kabupaten_mojokerto,B,pertambangan,453560
2016,kabupaten_mojokerto,C,industri,26427890
2016,kabupaten_mojokerto,D,listrik ,34950
2016,kabupaten_mojokerto,E,pengadaan-air,33600
2016,kabupaten_mojokerto,F,konstruksi,4447820
2016,kabupaten_mojokerto,G,perdagangan,5255150
2016,kabupaten_mojokerto,H,transportasi ,583060
2016,kabupaten_mojokerto,I,makan-minum,950990
2016,kabupaten_mojokerto,J,komunikasi,3248970
2016,kabupaten_mojokerto,K,keuangan ,741330
2016,kabupaten_mojokerto,L,real-estat,783150
2016,kabupaten_mojokerto,"M, N",jasa-perusahaan,76780
2016,kabupaten_mojokerto,O,pemerintahan,1156250
2016,kabupaten_mojokerto,PDRB,pendidikan,659800
2016,kabupaten_mojokerto,Q,kesehatan,193700
2016,kabupaten_mojokerto,"R, S, T, U",jasa-lainnya,465550
2017,kabupaten_mojokerto,A,pertanian,3878250
2017,kabupaten_mojokerto,B,pertambangan,475100
2017,kabupaten_mojokerto,C,industri,28192780
2017,kabupaten_mojokerto,D,listrik ,36490
2017,kabupaten_mojokerto,E,pengadaan-air,35680
2017,kabupaten_mojokerto,F,konstruksi,4667370
2017,kabupaten_mojokerto,G,perdagangan,5566710
2017,kabupaten_mojokerto,H,transportasi ,621230
2017,kabupaten_mojokerto,I,makan-minum,1022250
2017,kabupaten_mojokerto,J,komunikasi,3462500
2017,kabupaten_mojokerto,K,keuangan ,767830
2017,kabupaten_mojokerto,L,real-estat,815760
2017,kabupaten_mojokerto,"M, N",jasa-perusahaan,80570
2017,kabupaten_mojokerto,O,pemerintahan,1183800
2017,kabupaten_mojokerto,PDRB,pendidikan,689260
2017,kabupaten_mojokerto,Q,kesehatan,203710
2017,kabupaten_mojokerto,"R, S, T, U",jasa-lainnya,488520
2018,kabupaten_mojokerto,A,pertanian,3829550
2018,kabupaten_mojokerto,B,pertambangan,485870
2018,kabupaten_mojokerto,C,industri,30155130
2018,kabupaten_mojokerto,D,listrik ,38610
2018,kabupaten_mojokerto,E,pengadaan-air,37580
2018,kabupaten_mojokerto,F,konstruksi,4935330
2018,kabupaten_mojokerto,G,perdagangan,5895390
2018,kabupaten_mojokerto,H,transportasi ,675940
2018,kabupaten_mojokerto,I,makan-minum,1091880
2018,kabupaten_mojokerto,J,komunikasi,3679410
2018,kabupaten_mojokerto,K,keuangan ,803670
2018,kabupaten_mojokerto,L,real-estat,852130
2018,kabupaten_mojokerto,"M, N",jasa-perusahaan,85450
2018,kabupaten_mojokerto,O,pemerintahan,1233150
2018,kabupaten_mojokerto,PDRB,pendidikan,724960
2018,kabupaten_mojokerto,Q,kesehatan,217780
2018,kabupaten_mojokerto,"R, S, T, U",jasa-lainnya,514770
2019,kabupaten_mojokerto,A,pertanian,3861930
2019,kabupaten_mojokerto,B,pertambangan,495870
2019,kabupaten_mojokerto,C,industri,32102320
2019,kabupaten_mojokerto,D,listrik ,40960
2019,kabupaten_mojokerto,E,pengadaan-air,38880
2019,kabupaten_mojokerto,F,konstruksi,5220890
2019,kabupaten_mojokerto,G,perdagangan,6241490
2019,kabupaten_mojokerto,H,transportasi ,735260
2019,kabupaten_mojokerto,I,makan-minum,1162880
2019,kabupaten_mojokerto,J,komunikasi,3933970
2019,kabupaten_mojokerto,K,keuangan ,837540
2019,kabupaten_mojokerto,L,real-estat,892490
2019,kabupaten_mojokerto,"M, N",jasa-perusahaan,91160
2019,kabupaten_mojokerto,O,pemerintahan,1273310
2019,kabupaten_mojokerto,PDRB,pendidikan,760760
2019,kabupaten_mojokerto,Q,kesehatan,235590
2019,kabupaten_mojokerto,"R, S, T, U",jasa-lainnya,541830
2020,kabupaten_mojokerto,A,pertanian,3884600
2020,kabupaten_mojokerto,B,pertambangan,479350
2020,kabupaten_mojokerto,C,industri,32153800
2020,kabupaten_mojokerto,D,listrik ,40200
2020,kabupaten_mojokerto,E,pengadaan-air,40620
2020,kabupaten_mojokerto,F,konstruksi,4897720
2020,kabupaten_mojokerto,G,perdagangan,5806830
2020,kabupaten_mojokerto,H,transportasi ,699110
2020,kabupaten_mojokerto,I,makan-minum,1011490
2020,kabupaten_mojokerto,J,komunikasi,4230200
2020,kabupaten_mojokerto,K,keuangan ,839770
2020,kabupaten_mojokerto,L,real-estat,914540
2020,kabupaten_mojokerto,"M, N",jasa-perusahaan,85260
2020,kabupaten_mojokerto,O,pemerintahan,1238870
2020,kabupaten_mojokerto,PDRB,pendidikan,771940
2020,kabupaten_mojokerto,Q,kesehatan,257170
2020,kabupaten_mojokerto,"R, S, T, U",jasa-lainnya,466950
2021,kabupaten_mojokerto,A,pertanian,3924570
2021,kabupaten_mojokerto,B,pertambangan,498040
2021,kabupaten_mojokerto,C,industri,33875260
2021,kabupaten_mojokerto,D,listrik ,41450
2021,kabupaten_mojokerto,E,pengadaan-air,43210
2021,kabupaten_mojokerto,F,konstruksi,4795850
2021,kabupaten_mojokerto,G,perdagangan,6212460
2021,kabupaten_mojokerto,H,transportasi ,743830
2021,kabupaten_mojokerto,I,makan-minum,1045240
2021,kabupaten_mojokerto,J,komunikasi,4419200
2021,kabupaten_mojokerto,K,keuangan ,844330
2021,kabupaten_mojokerto,L,real-estat,916860
2021,kabupaten_mojokerto,"M, N",jasa-perusahaan,86910
2021,kabupaten_mojokerto,O,pemerintahan,1240750
2021,kabupaten_mojokerto,PDRB,pendidikan,770100
2021,kabupaten_mojokerto,Q,kesehatan,259410
2021,kabupaten_mojokerto,"R, S, T, U",jasa-lainnya,481240
2022,kabupaten_mojokerto,A,pertanian,3978810
2022,kabupaten_mojokerto,B,pertambangan,527890
2022,kabupaten_mojokerto,C,industri,36102770
2022,kabupaten_mojokerto,D,listrik ,43460
2022,kabupaten_mojokerto,E,pengadaan-air,44890
2022,kabupaten_mojokerto,F,konstruksi,5084020
2022,kabupaten_mojokerto,G,perdagangan,6535690
2022,kabupaten_mojokerto,H,transportasi ,841780
2022,kabupaten_mojokerto,I,makan-minum,1155070
2022,kabupaten_mojokerto,J,komunikasi,4629180
2022,kabupaten_mojokerto,K,keuangan ,856140
2022,kabupaten_mojokerto,L,real-estat,958380
2022,kabupaten_mojokerto,"M, N",jasa-perusahaan,90960
2022,kabupaten_mojokerto,O,pemerintahan,1246020
2022,kabupaten_mojokerto,PDRB,pendidikan,775420
2022,kabupaten_mojokerto,Q,kesehatan,272020
2022,kabupaten_mojokerto,"R, S, T, U",jasa-lainnya,557340
2023,kabupaten_mojokerto,A,pertanian,4152330
2023,kabupaten_mojokerto,B,pertambangan,543010
2023,kabupaten_mojokerto,C,industri,38190850
2023,kabupaten_mojokerto,D,listrik ,46420
2023,kabupaten_mojokerto,E,pengadaan-air,46430
2023,kabupaten_mojokerto,F,konstruksi,5190940
2023,kabupaten_mojokerto,G,perdagangan,6916350
2023,kabupaten_mojokerto,H,transportasi ,929440
2023,kabupaten_mojokerto,I,makan-minum,1225940
2023,kabupaten_mojokerto,J,komunikasi,4821640
2023,kabupaten_mojokerto,K,keuangan ,898060
2023,kabupaten_mojokerto,L,real-estat,965020
2023,kabupaten_mojokerto,"M, N",jasa-perusahaan,99420
2023,kabupaten_mojokerto,O,pemerintahan,1245150
2023,kabupaten_mojokerto,PDRB,pendidikan,824280
2023,kabupaten_mojokerto,Q,kesehatan,292090
2023,kabupaten_mojokerto,"R, S, T, U",jasa-lainnya,595300
2024,kabupaten_mojokerto,A,pertanian,4157610
2024,kabupaten_mojokerto,B,pertambangan,544770
2024,kabupaten_mojokerto,C,industri,40441640
2024,kabupaten_mojokerto,D,listrik ,48660
2024,kabupaten_mojokerto,E,pengadaan-air,48560
2024,kabupaten_mojokerto,F,konstruksi,5356670
2024,kabupaten_mojokerto,G,perdagangan,7257600
2024,kabupaten_mojokerto,H,transportasi ,1042570
2024,kabupaten_mojokerto,I,makan-minum,1282500
2024,kabupaten_mojokerto,J,komunikasi,5135710
2024,kabupaten_mojokerto,K,keuangan ,939720
2024,kabupaten_mojokerto,L,real-estat,995670
2024,kabupaten_mojokerto,"M, N",jasa-perusahaan,107290
2024,kabupaten_mojokerto,O,pemerintahan,1341280
2024,kabupaten_mojokerto,PDRB,pendidikan,873200
2024,kabupaten_mojokerto,Q,kesehatan,305660
2024,kabupaten_mojokerto,"R, S, T, U",jasa-lainnya,648520
2014,kota_solok,A,pertanian,133750
2014,kota_solok,B,pertambangan,14830
2014,kota_solok,C,industri,109000
2014,kota_solok,D,listrik ,1000
2014,kota_solok,E,pengadaan-air,4506
2014,kota_solok,F,konstruksi,270280
2014,kota_solok,G,perdagangan,546940
2014,kota_solok,H,transportasi ,337750
2014,kota_solok,I,makan-minum,40890
2014,kota_solok,J,komunikasi,162000
2014,kota_solok,K,keuangan ,93720
2014,kota_solok,L,real-estat,54000
2014,kota_solok,"M, N",jasa-perusahaan,320
2014,kota_solok,O,pemerintahan,194030
2014,kota_solok,PDRB,pendidikan,102540
2014,kota_solok,Q,kesehatan,32980
2014,kota_solok,"R, S, T, U",jasa-lainnya,78000
2015,kota_solok,A,pertanian,137440
2015,kota_solok,B,pertambangan,15740
2015,kota_solok,C,industri,134940
2015,kota_solok,D,listrik ,1260
2015,kota_solok,E,pengadaan-air,4710
2015,kota_solok,F,konstruksi,284910
2015,kota_solok,G,perdagangan,579410
2015,kota_solok,H,transportasi ,365720
2015,kota_solok,I,makan-minum,44520
2015,kota_solok,J,komunikasi,169930
2015,kota_solok,K,keuangan ,100650
2015,kota_solok,L,real-estat,60380
2015,kota_solok,"M, N",jasa-perusahaan,380
2015,kota_solok,O,pemerintahan,199900
2015,kota_solok,PDRB,pendidikan,109980
2015,kota_solok,Q,kesehatan,34250
2015,kota_solok,"R, S, T, U",jasa-lainnya,63140
2016,kota_solok,A,pertanian,140490
2016,kota_solok,B,pertambangan,16460
2016,kota_solok,C,industri,142850
2016,kota_solok,D,listrik ,1380
2016,kota_solok,E,pengadaan-air,4890
2016,kota_solok,F,konstruksi,299540
2016,kota_solok,G,perdagangan,611880
2016,kota_solok,H,transportasi ,393690
2016,kota_solok,I,makan-minum,48150
2016,kota_solok,J,komunikasi,184370
2016,kota_solok,K,keuangan ,107580
2016,kota_solok,L,real-estat,62580
2016,kota_solok,"M, N",jasa-perusahaan,410
2016,kota_solok,O,pemerintahan,205770
2016,kota_solok,PDRB,pendidikan,117420
2016,kota_solok,Q,kesehatan,35520
2016,kota_solok,"R, S, T, U",jasa-lainnya,67160
2017,kota_solok,A,pertanian,143450
2017,kota_solok,B,pertambangan,16810
2017,kota_solok,C,industri,144320
2017,kota_solok,D,listrik ,1440
2017,kota_solok,E,pengadaan-air,5070
2017,kota_solok,F,konstruksi,320110
2017,kota_solok,G,perdagangan,646190
2017,kota_solok,H,transportasi ,422710
2017,kota_solok,I,makan-minum,51650
2017,kota_solok,J,komunikasi,200980
2017,kota_solok,K,keuangan ,110290
2017,kota_solok,L,real-estat,65540
2017,kota_solok,"M, N",jasa-perusahaan,425
2017,kota_solok,O,pemerintahan,214400
2017,kota_solok,PDRB,pendidikan,127950
2017,kota_solok,Q,kesehatan,37980
2017,kota_solok,"R, S, T, U",jasa-lainnya,71470
2018,kota_solok,A,pertanian,144870
2018,kota_solok,B,pertambangan,17160
2018,kota_solok,C,industri,147180
2018,kota_solok,D,listrik ,1500
2018,kota_solok,E,pengadaan-air,5280
2018,kota_solok,F,konstruksi,340380
2018,kota_solok,G,perdagangan,685580
2018,kota_solok,H,transportasi ,450170
2018,kota_solok,I,makan-minum,55850
2018,kota_solok,J,komunikasi,217940
2018,kota_solok,K,keuangan ,111910
2018,kota_solok,L,real-estat,68670
2018,kota_solok,"M, N",jasa-perusahaan,440
2018,kota_solok,O,pemerintahan,226470
2018,kota_solok,PDRB,pendidikan,136480
2018,kota_solok,Q,kesehatan,40840
2018,kota_solok,"R, S, T, U",jasa-lainnya,75980
2019,kota_solok,A,pertanian,148250
2019,kota_solok,B,pertambangan,16800
2019,kota_solok,C,industri,140220
2019,kota_solok,D,listrik ,1540
2019,kota_solok,E,pengadaan-air,5520
2019,kota_solok,F,konstruksi,362270
2019,kota_solok,G,perdagangan,725160
2019,kota_solok,H,transportasi ,483200
2019,kota_solok,I,makan-minum,60070
2019,kota_solok,J,komunikasi,236360
2019,kota_solok,K,keuangan ,114760
2019,kota_solok,L,real-estat,72450
2019,kota_solok,"M, N",jasa-perusahaan,470
2019,kota_solok,O,pemerintahan,236930
2019,kota_solok,PDRB,pendidikan,147640
2019,kota_solok,Q,kesehatan,42910
2019,kota_solok,"R, S, T, U",jasa-lainnya,81930
2020,kota_solok,A,pertanian,150450
2020,kota_solok,B,pertambangan,16440
2020,kota_solok,C,industri,136930
2020,kota_solok,D,listrik ,1440
2020,kota_solok,E,pengadaan-air,5700
2020,kota_solok,F,konstruksi,351870
2020,kota_solok,G,perdagangan,723500
2020,kota_solok,H,transportasi ,437820
2020,kota_solok,I,makan-minum,53510
2020,kota_solok,J,komunikasi,256240
2020,kota_solok,K,keuangan ,116130
2020,kota_solok,L,real-estat,72560
2020,kota_solok,"M, N",jasa-perusahaan,450
2020,kota_solok,O,pemerintahan,235630
2020,kota_solok,PDRB,pendidikan,156630
2020,kota_solok,Q,kesehatan,46130
2020,kota_solok,"R, S, T, U",jasa-lainnya,74350
2021,kota_solok,A,pertanian,150690
2021,kota_solok,B,pertambangan,16720
2021,kota_solok,C,industri,141920
2021,kota_solok,D,listrik ,1480
2021,kota_solok,E,pengadaan-air,5550
2021,kota_solok,F,konstruksi,357350
2021,kota_solok,G,perdagangan,748960
2021,kota_solok,H,transportasi ,460600
2021,kota_solok,I,makan-minum,57420
2021,kota_solok,J,komunikasi,270250
2021,kota_solok,K,keuangan ,125890
2021,kota_solok,L,real-estat,74170
2021,kota_solok,"M, N",jasa-perusahaan,460
2021,kota_solok,O,pemerintahan,237080
2021,kota_solok,PDRB,pendidikan,159560
2021,kota_solok,Q,kesehatan,48860
2021,kota_solok,"R, S, T, U",jasa-lainnya,79620
2022,kota_solok,A,pertanian,155930
2022,kota_solok,B,pertambangan,17480
2022,kota_solok,C,industri,144810
2022,kota_solok,D,listrik ,1530
2022,kota_solok,E,pengadaan-air,5860
2022,kota_solok,F,konstruksi,369480
2022,kota_solok,G,perdagangan,791680
2022,kota_solok,H,transportasi ,477100
2022,kota_solok,I,makan-minum,65480
2022,kota_solok,J,komunikasi,286510
2022,kota_solok,K,keuangan ,132660
2022,kota_solok,L,real-estat,78160
2022,kota_solok,"M, N",jasa-perusahaan,490
2022,kota_solok,O,pemerintahan,234810
2022,kota_solok,PDRB,pendidikan,170600
2022,kota_solok,Q,kesehatan,51050
2022,kota_solok,"R, S, T, U",jasa-lainnya,87960
2023,kota_solok,A,pertanian,158800
2023,kota_solok,B,pertambangan,18140
2023,kota_solok,C,industri,149550
2023,kota_solok,D,listrik ,1590
2023,kota_solok,E,pengadaan-air,5990
2023,kota_solok,F,konstruksi,391880
2023,kota_solok,G,perdagangan,828870
2023,kota_solok,H,transportasi ,503550
2023,kota_solok,I,makan-minum,70770
2023,kota_solok,J,komunikasi,308200
2023,kota_solok,K,keuangan ,138380
2023,kota_solok,L,real-estat,82870
2023,kota_solok,"M, N",jasa-perusahaan,520
2023,kota_solok,O,pemerintahan,237110
2023,kota_solok,PDRB,pendidikan,173550
2023,kota_solok,Q,kesehatan,54750
2023,kota_solok,"R, S, T, U",jasa-lainnya,94790
2024,kota_solok,A,pertanian,160930
2024,kota_solok,B,pertambangan,18820
2024,kota_solok,C,industri,153750
2024,kota_solok,D,listrik ,1660
2024,kota_solok,E,pengadaan-air,6130
2024,kota_solok,F,konstruksi,407540
2024,kota_solok,G,perdagangan,865640
2024,kota_solok,H,transportasi ,524920
2024,kota_solok,I,makan-minum,75290
2024,kota_solok,J,komunikasi,323360
2024,kota_solok,K,keuangan ,148330
2024,kota_solok,L,real-estat,87420
2024,kota_solok,"M, N",jasa-perusahaan,550
2024,kota_solok,O,pemerintahan,253990
2024,kota_solok,PDRB,pendidikan,178590
2024,kota_solok,Q,kesehatan,57350
2024,kota_solok,"R, S, T, U",jasa-lainnya,101500
2014,kabupaten_solok,A,pertanian,3027680
2014,kabupaten_solok,B,pertambangan,443320
2014,kabupaten_solok,C,industri,445710
2014,kabupaten_solok,D,listrik ,1930
2014,kabupaten_solok,E,pengadaan-air,4670
2014,kabupaten_solok,F,konstruksi,608760
2014,kabupaten_solok,G,perdagangan,791000
2014,kabupaten_solok,H,transportasi ,818990
2014,kabupaten_solok,I,makan-minum,53200
2014,kabupaten_solok,J,komunikasi,473860
2014,kabupaten_solok,K,keuangan ,136560
2014,kabupaten_solok,L,real-estat,61510
2014,kabupaten_solok,"M, N",jasa-perusahaan,5150
2014,kabupaten_solok,O,pemerintahan,418560
2014,kabupaten_solok,PDRB,pendidikan,212060
2014,kabupaten_solok,Q,kesehatan,93320
2014,kabupaten_solok,"R, S, T, U",jasa-lainnya,69220
2015,kabupaten_solok,A,pertanian,3140890
2015,kabupaten_solok,B,pertambangan,452710
2015,kabupaten_solok,C,industri,473820
2015,kabupaten_solok,D,listrik ,2020
2015,kabupaten_solok,E,pengadaan-air,4790
2015,kabupaten_solok,F,konstruksi,649960
2015,kabupaten_solok,G,perdagangan,838610
2015,kabupaten_solok,H,transportasi ,888800
2015,kabupaten_solok,I,makan-minum,56980
2015,kabupaten_solok,J,komunikasi,516960
2015,kabupaten_solok,K,keuangan ,140870
2015,kabupaten_solok,L,real-estat,65210
2015,kabupaten_solok,"M, N",jasa-perusahaan,5480
2015,kabupaten_solok,O,pemerintahan,441090
2015,kabupaten_solok,PDRB,pendidikan,231580
2015,kabupaten_solok,Q,kesehatan,100420
2015,kabupaten_solok,"R, S, T, U",jasa-lainnya,72390
2016,kabupaten_solok,A,pertanian,3234300
2016,kabupaten_solok,B,pertambangan,474560
2016,kabupaten_solok,C,industri,505920
2016,kabupaten_solok,D,listrik ,2230
2016,kabupaten_solok,E,pengadaan-air,4910
2016,kabupaten_solok,F,konstruksi,694530
2016,kabupaten_solok,G,perdagangan,890160
2016,kabupaten_solok,H,transportasi ,954920
2016,kabupaten_solok,I,makan-minum,62430
2016,kabupaten_solok,J,komunikasi,561980
2016,kabupaten_solok,K,keuangan ,150360
2016,kabupaten_solok,L,real-estat,68850
2016,kabupaten_solok,"M, N",jasa-perusahaan,5710
2016,kabupaten_solok,O,pemerintahan,465250
2016,kabupaten_solok,PDRB,pendidikan,252840
2016,kabupaten_solok,Q,kesehatan,105730
2016,kabupaten_solok,"R, S, T, U",jasa-lainnya,76970
2017,kabupaten_solok,A,pertanian,3374680
2017,kabupaten_solok,B,pertambangan,488200
2017,kabupaten_solok,C,industri,493250
2017,kabupaten_solok,D,listrik ,2320
2017,kabupaten_solok,E,pengadaan-air,5170
2017,kabupaten_solok,F,konstruksi,759220
2017,kabupaten_solok,G,perdagangan,959310
2017,kabupaten_solok,H,transportasi ,1001910
2017,kabupaten_solok,I,makan-minum,68870
2017,kabupaten_solok,J,komunikasi,612030
2017,kabupaten_solok,K,keuangan ,157490
2017,kabupaten_solok,L,real-estat,72800
2017,kabupaten_solok,"M, N",jasa-perusahaan,6030
2017,kabupaten_solok,O,pemerintahan,490990
2017,kabupaten_solok,PDRB,pendidikan,276550
2017,kabupaten_solok,Q,kesehatan,112850
2017,kabupaten_solok,"R, S, T, U",jasa-lainnya,83190
2018,kabupaten_solok,A,pertanian,3461730
2018,kabupaten_solok,B,pertambangan,502360
2018,kabupaten_solok,C,industri,523740
2018,kabupaten_solok,D,listrik ,2380
2018,kabupaten_solok,E,pengadaan-air,5440
2018,kabupaten_solok,F,konstruksi,825500
2018,kabupaten_solok,G,perdagangan,1036660
2018,kabupaten_solok,H,transportasi ,1046780
2018,kabupaten_solok,I,makan-minum,74920
2018,kabupaten_solok,J,komunikasi,668890
2018,kabupaten_solok,K,keuangan ,159530
2018,kabupaten_solok,L,real-estat,76990
2018,kabupaten_solok,"M, N",jasa-perusahaan,6370
2018,kabupaten_solok,O,pemerintahan,526360
2018,kabupaten_solok,PDRB,pendidikan,300630
2018,kabupaten_solok,Q,kesehatan,122020
2018,kabupaten_solok,"R, S, T, U",jasa-lainnya,89940
2019,kabupaten_solok,A,pertanian,3553930
2019,kabupaten_solok,B,pertambangan,514340
2019,kabupaten_solok,C,industri,514740
2019,kabupaten_solok,D,listrik ,2430
2019,kabupaten_solok,E,pengadaan-air,5660
2019,kabupaten_solok,F,konstruksi,899050
2019,kabupaten_solok,G,perdagangan,1119950
2019,kabupaten_solok,H,transportasi ,1113340
2019,kabupaten_solok,I,makan-minum,81830
2019,kabupaten_solok,J,komunikasi,734790
2019,kabupaten_solok,K,keuangan ,163880
2019,kabupaten_solok,L,real-estat,81520
2019,kabupaten_solok,"M, N",jasa-perusahaan,6720
2019,kabupaten_solok,O,pemerintahan,555250
2019,kabupaten_solok,PDRB,pendidikan,328690
2019,kabupaten_solok,Q,kesehatan,132390
2019,kabupaten_solok,"R, S, T, U",jasa-lainnya,97090
2020,kabupaten_solok,A,pertanian,3595060
2020,kabupaten_solok,B,pertambangan,497800
2020,kabupaten_solok,C,industri,498880
2020,kabupaten_solok,D,listrik ,2290
2020,kabupaten_solok,E,pengadaan-air,5560
2020,kabupaten_solok,F,konstruksi,857760
2020,kabupaten_solok,G,perdagangan,1111340
2020,kabupaten_solok,H,transportasi ,984100
2020,kabupaten_solok,I,makan-minum,73670
2020,kabupaten_solok,J,komunikasi,792520
2020,kabupaten_solok,K,keuangan ,164290
2020,kabupaten_solok,L,real-estat,81530
2020,kabupaten_solok,"M, N",jasa-perusahaan,6420
2020,kabupaten_solok,O,pemerintahan,550120
2020,kabupaten_solok,PDRB,pendidikan,343550
2020,kabupaten_solok,Q,kesehatan,142350
2020,kabupaten_solok,"R, S, T, U",jasa-lainnya,85680
2021,kabupaten_solok,A,pertanian,3702540
2021,kabupaten_solok,B,pertambangan,496380
2021,kabupaten_solok,C,industri,509890
2021,kabupaten_solok,D,listrik ,2310
2021,kabupaten_solok,E,pengadaan-air,5710
2021,kabupaten_solok,F,konstruksi,867630
2021,kabupaten_solok,G,perdagangan,1158420
2021,kabupaten_solok,H,transportasi ,1029260
2021,kabupaten_solok,I,makan-minum,78800
2021,kabupaten_solok,J,komunikasi,846610
2021,kabupaten_solok,K,keuangan ,171860
2021,kabupaten_solok,L,real-estat,83110
2021,kabupaten_solok,"M, N",jasa-perusahaan,6600
2021,kabupaten_solok,O,pemerintahan,556770
2021,kabupaten_solok,PDRB,pendidikan,356830
2021,kabupaten_solok,Q,kesehatan,153580
2021,kabupaten_solok,"R, S, T, U",jasa-lainnya,88260
2022,kabupaten_solok,A,pertanian,3820930
2022,kabupaten_solok,B,pertambangan,542180
2022,kabupaten_solok,C,industri,517120
2022,kabupaten_solok,D,listrik ,2440
2022,kabupaten_solok,E,pengadaan-air,5780
2022,kabupaten_solok,F,konstruksi,922010
2022,kabupaten_solok,G,perdagangan,1223140
2022,kabupaten_solok,H,transportasi ,1051610
2022,kabupaten_solok,I,makan-minum,86880
2022,kabupaten_solok,J,komunikasi,900720
2022,kabupaten_solok,K,keuangan ,179470
2022,kabupaten_solok,L,real-estat,87180
2022,kabupaten_solok,"M, N",jasa-perusahaan,7020
2022,kabupaten_solok,O,pemerintahan,569070
2022,kabupaten_solok,PDRB,pendidikan,373900
2022,kabupaten_solok,Q,kesehatan,162000
2022,kabupaten_solok,"R, S, T, U",jasa-lainnya,96520
2023,kabupaten_solok,A,pertanian,3934390
2023,kabupaten_solok,B,pertambangan,565180
2023,kabupaten_solok,C,industri,537630
2023,kabupaten_solok,D,listrik ,2540
2023,kabupaten_solok,E,pengadaan-air,5890
2023,kabupaten_solok,F,konstruksi,967380
2023,kabupaten_solok,G,perdagangan,1287910
2023,kabupaten_solok,H,transportasi ,1114700
2023,kabupaten_solok,I,makan-minum,93910
2023,kabupaten_solok,J,komunikasi,971780
2023,kabupaten_solok,K,keuangan ,186300
2023,kabupaten_solok,L,real-estat,92710
2023,kabupaten_solok,"M, N",jasa-perusahaan,7470
2023,kabupaten_solok,O,pemerintahan,580730
2023,kabupaten_solok,PDRB,pendidikan,380870
2023,kabupaten_solok,Q,kesehatan,174270
2023,kabupaten_solok,"R, S, T, U",jasa-lainnya,104330
2024,kabupaten_solok,A,pertanian,3987350
2024,kabupaten_solok,B,pertambangan,592840
2024,kabupaten_solok,C,industri,562880
2024,kabupaten_solok,D,listrik ,2600
2024,kabupaten_solok,E,pengadaan-air,5940
2024,kabupaten_solok,F,konstruksi,1006010
2024,kabupaten_solok,G,perdagangan,1356410
2024,kabupaten_solok,H,transportasi ,1171660
2024,kabupaten_solok,I,makan-minum,101750
2024,kabupaten_solok,J,komunikasi,1025720
2024,kabupaten_solok,K,keuangan ,196030
2024,kabupaten_solok,L,real-estat,98250
2024,kabupaten_solok,"M, N",jasa-perusahaan,7830
2024,kabupaten_solok,O,pemerintahan,630850
2024,kabupaten_solok,PDRB,pendidikan,392850
2024,kabupaten_solok,Q,kesehatan,184210
2024,kabupaten_solok,"R, S, T, U",jasa-lainnya,114690
2014,kota_padang,A,pertanian,1583990
2014,kota_padang,B,pertambangan,982980
2014,kota_padang,C,industri,5407100
2014,kota_padang,D,listrik ,35870
2014,kota_padang,E,pengadaan-air,54700
2014,kota_padang,F,konstruksi,3075640
2014,kota_padang,G,perdagangan,5754240
2014,kota_padang,H,transportasi ,5293880
2014,kota_padang,I,makan-minum,344490
2014,kota_padang,J,komunikasi,2666740
2014,kota_padang,K,keuangan ,1735390
2014,kota_padang,L,real-estat,1038890
2014,kota_padang,"M, N",jasa-perusahaan,490930
2014,kota_padang,O,pemerintahan,2026370
2014,kota_padang,PDRB,pendidikan,1428340
2014,kota_padang,Q,kesehatan,486280
2014,kota_padang,"R, S, T, U",jasa-lainnya,656120
2015,kota_padang,A,pertanian,1693489
2015,kota_padang,B,pertambangan,1039292
2015,kota_padang,C,industri,5578644
2015,kota_padang,D,listrik ,37412
2015,kota_padang,E,pengadaan-air,58522
2015,kota_padang,F,konstruksi,3376183
2015,kota_padang,G,perdagangan,6062614
2015,kota_padang,H,transportasi ,5738267
2015,kota_padang,I,makan-minum,366495
2015,kota_padang,J,komunikasi,2904687
2015,kota_padang,K,keuangan ,1801781
2015,kota_padang,L,real-estat,1106681
2015,kota_padang,"M, N",jasa-perusahaan,520886
2015,kota_padang,O,pemerintahan,2100344
2015,kota_padang,PDRB,pendidikan,1547776
2015,kota_padang,Q,kesehatan,527988
2015,kota_padang,"R, S, T, U",jasa-lainnya,719487
2016,kota_padang,A,pertanian,1797830
2016,kota_padang,B,pertambangan,1075973
2016,kota_padang,C,industri,5748874
2016,kota_padang,D,listrik ,41422
2016,kota_padang,E,pengadaan-air,62117
2016,kota_padang,F,konstruksi,3662444
2016,kota_padang,G,perdagangan,6337368
2016,kota_padang,H,transportasi ,6152176
2016,kota_padang,I,makan-minum,391155
2016,kota_padang,J,komunikasi,3137123
2016,kota_padang,K,keuangan ,1952582
2016,kota_padang,L,real-estat,1159316
2016,kota_padang,"M, N",jasa-perusahaan,558849
2016,kota_padang,O,pemerintahan,2205016
2016,kota_padang,PDRB,pendidikan,1696277
2016,kota_padang,Q,kesehatan,572550
2016,kota_padang,"R, S, T, U",jasa-lainnya,799126
2017,kota_padang,A,pertanian,1904160
2017,kota_padang,B,pertambangan,1130820
2017,kota_padang,C,industri,5948640
2017,kota_padang,D,listrik ,43180
2017,kota_padang,E,pengadaan-air,63410
2017,kota_padang,F,konstruksi,3921950
2017,kota_padang,G,perdagangan,6722780
2017,kota_padang,H,transportasi ,6670980
2017,kota_padang,I,makan-minum,431440
2017,kota_padang,J,komunikasi,3436450
2017,kota_padang,K,keuangan ,1952580
2017,kota_padang,L,real-estat,1159320
2017,kota_padang,"M, N",jasa-perusahaan,558850
2017,kota_padang,O,pemerintahan,2205020
2017,kota_padang,PDRB,pendidikan,1696280
2017,kota_padang,Q,kesehatan,572550
2017,kota_padang,"R, S, T, U",jasa-lainnya,799130
2018,kota_padang,A,pertanian,2016536
2018,kota_padang,B,pertambangan,1220537
2018,kota_padang,C,industri,5900845
2018,kota_padang,D,listrik ,45028
2018,kota_padang,E,pengadaan-air,69181
2018,kota_padang,F,konstruksi,4210694
2018,kota_padang,G,perdagangan,7138077
2018,kota_padang,H,transportasi ,7329935
2018,kota_padang,I,makan-minum,464247
2018,kota_padang,J,komunikasi,3799722
2018,kota_padang,K,keuangan ,1969957
2018,kota_padang,L,real-estat,1241711
2018,kota_padang,"M, N",jasa-perusahaan,614306
2018,kota_padang,O,pemerintahan,2449188
2018,kota_padang,PDRB,pendidikan,1976088
2018,kota_padang,Q,kesehatan,671390
2018,kota_padang,"R, S, T, U",jasa-lainnya,964095
2019,kota_padang,A,pertanian,2085232
2019,kota_padang,B,pertambangan,1287844
2019,kota_padang,C,industri,5708806
2019,kota_padang,D,listrik ,46178
2019,kota_padang,E,pengadaan-air,70462
2019,kota_padang,F,konstruksi,4498454
2019,kota_padang,G,perdagangan,7579438
2019,kota_padang,H,transportasi ,7942200
2019,kota_padang,I,makan-minum,500773
2019,kota_padang,J,komunikasi,4218255
2019,kota_padang,K,keuangan ,2001487
2019,kota_padang,L,real-estat,1318653
2019,kota_padang,"M, N",jasa-perusahaan,653736
2019,kota_padang,O,pemerintahan,2637432
2019,kota_padang,PDRB,pendidikan,2125084
2019,kota_padang,Q,kesehatan,723823
2019,kota_padang,"R, S, T, U",jasa-lainnya,1058927
2020,kota_padang,A,pertanian,2116734
2020,kota_padang,B,pertambangan,1272493
2020,kota_padang,C,industri,5627717
2020,kota_padang,D,listrik ,42621
2020,kota_padang,E,pengadaan-air,72510
2020,kota_padang,F,konstruksi,4276600
2020,kota_padang,G,perdagangan,7421307
2020,kota_padang,H,transportasi ,7069446
2020,kota_padang,I,makan-minum,394857
2020,kota_padang,J,komunikasi,4710007
2020,kota_padang,K,keuangan ,2041278
2020,kota_padang,L,real-estat,1321297
2020,kota_padang,"M, N",jasa-perusahaan,626815
2020,kota_padang,O,pemerintahan,2587271
2020,kota_padang,PDRB,pendidikan,2292391
2020,kota_padang,Q,kesehatan,803753
2020,kota_padang,"R, S, T, U",jasa-lainnya,954846
2021,kota_padang,A,pertanian,2143766
2021,kota_padang,B,pertambangan,1321363
2021,kota_padang,C,industri,5687115
2021,kota_padang,D,listrik ,42879
2021,kota_padang,E,pengadaan-air,75944
2021,kota_padang,F,konstruksi,4330787
2021,kota_padang,G,perdagangan,7890650
2021,kota_padang,H,transportasi ,7290451
2021,kota_padang,I,makan-minum,418675
2021,kota_padang,J,komunikasi,4993981
2021,kota_padang,K,keuangan ,2238195
2021,kota_padang,L,real-estat,1352878
2021,kota_padang,"M, N",jasa-perusahaan,632994
2021,kota_padang,O,pemerintahan,2602096
2021,kota_padang,PDRB,pendidikan,2330425
2021,kota_padang,Q,kesehatan,850639
2021,kota_padang,"R, S, T, U",jasa-lainnya,1023805
2022,kota_padang,A,pertanian,2193646
2022,kota_padang,B,pertambangan,1364788
2022,kota_padang,C,industri,5710886
2022,kota_padang,D,listrik ,44377
2022,kota_padang,E,pengadaan-air,77289
2022,kota_padang,F,konstruksi,4540325
2022,kota_padang,G,perdagangan,8447574
2022,kota_padang,H,transportasi ,7537772
2022,kota_padang,I,makan-minum,484156
2022,kota_padang,J,komunikasi,5349628
2022,kota_padang,K,keuangan ,2313992
2022,kota_padang,L,real-estat,1430460
2022,kota_padang,"M, N",jasa-perusahaan,673440
2022,kota_padang,O,pemerintahan,2578315
2022,kota_padang,PDRB,pendidikan,2392892
2022,kota_padang,Q,kesehatan,888898
2022,kota_padang,"R, S, T, U",jasa-lainnya,1147510
2023,kota_padang,A,pertanian,2279877
2023,kota_padang,B,pertambangan,1425350
2023,kota_padang,C,industri,5752934
2023,kota_padang,D,listrik ,46422
2023,kota_padang,E,pengadaan-air,79645
2023,kota_padang,F,konstruksi,4843722
2023,kota_padang,G,perdagangan,8867863
2023,kota_padang,H,transportasi ,7907126
2023,kota_padang,I,makan-minum,525485
2023,kota_padang,J,komunikasi,5753332
2023,kota_padang,K,keuangan ,2326615
2023,kota_padang,L,real-estat,1523518
2023,kota_padang,"M, N",jasa-perusahaan,717026
2023,kota_padang,O,pemerintahan,2646591
2023,kota_padang,PDRB,pendidikan,2434001
2023,kota_padang,Q,kesehatan,952452
2023,kota_padang,"R, S, T, U",jasa-lainnya,1234230
2024,kota_padang,A,pertanian,2366206
2024,kota_padang,B,pertambangan,1482755
2024,kota_padang,C,industri,5775100
2024,kota_padang,D,listrik ,47691
2024,kota_padang,E,pengadaan-air,82772
2024,kota_padang,F,konstruksi,5067262
2024,kota_padang,G,perdagangan,9299592
2024,kota_padang,H,transportasi ,8230446
2024,kota_padang,I,makan-minum,549695
2024,kota_padang,J,komunikasi,6266455
2024,kota_padang,K,keuangan ,2402162
2024,kota_padang,L,real-estat,1585626
2024,kota_padang,"M, N",jasa-perusahaan,746249
2024,kota_padang,O,pemerintahan,2724183
2024,kota_padang,PDRB,pendidikan,2575712
2024,kota_padang,Q,kesehatan,1025346
2024,kota_padang,"R, S, T, U",jasa-lainnya,1320361
2014,kota_surabaya,A,pertanian,522210
2014,kota_surabaya,B,pertambangan,18670
2014,kota_surabaya,C,industri,59944230
2014,kota_surabaya,D,listrik ,1579910
2014,kota_surabaya,E,pengadaan-air,474290
2014,kota_surabaya,F,konstruksi,31355930
2014,kota_surabaya,G,perdagangan,86711520
2014,kota_surabaya,H,transportasi ,14843760
2014,kota_surabaya,I,makan-minum,42503080
2014,kota_surabaya,J,komunikasi,19701370
2014,kota_surabaya,K,keuangan ,14851440
2014,kota_surabaya,L,real-estat,8264380
2014,kota_surabaya,"M, N",jasa-perusahaan,7011360
2014,kota_surabaya,O,pemerintahan,3994510
2014,kota_surabaya,PDRB,pendidikan,7144690
2014,kota_surabaya,Q,kesehatan,2405600
2014,kota_surabaya,"R, S, T, U",jasa-lainnya,4620620
2015,kota_surabaya,A,pertanian,546940
2015,kota_surabaya,B,pertambangan,19420
2015,kota_surabaya,C,industri,63467800
2015,kota_surabaya,D,listrik ,1530670
2015,kota_surabaya,E,pengadaan-air,498810
2015,kota_surabaya,F,konstruksi,32250140
2015,kota_surabaya,G,perdagangan,92084790
2015,kota_surabaya,H,transportasi ,15797150
2015,kota_surabaya,I,makan-minum,45918310
2015,kota_surabaya,J,komunikasi,20958310
2015,kota_surabaya,K,keuangan ,15964080
2015,kota_surabaya,L,real-estat,8683390
2015,kota_surabaya,"M, N",jasa-perusahaan,7388570
2015,kota_surabaya,O,pemerintahan,4172200
2015,kota_surabaya,PDRB,pendidikan,7595530
2015,kota_surabaya,Q,kesehatan,2502680
2015,kota_surabaya,"R, S, T, U",jasa-lainnya,4836400
2016,kota_surabaya,A,pertanian,570790
2016,kota_surabaya,B,pertambangan,20030
2016,kota_surabaya,C,industri,66582830
2016,kota_surabaya,D,listrik ,1514660
2016,kota_surabaya,E,pengadaan-air,528320
2016,kota_surabaya,F,konstruksi,33864740
2016,kota_surabaya,G,perdagangan,97443600
2016,kota_surabaya,H,transportasi ,16569180
2016,kota_surabaya,I,makan-minum,49881300
2016,kota_surabaya,J,komunikasi,22421130
2016,kota_surabaya,K,keuangan ,17184790
2016,kota_surabaya,L,real-estat,9145630
2016,kota_surabaya,"M, N",jasa-perusahaan,7761410
2016,kota_surabaya,O,pemerintahan,4384610
2016,kota_surabaya,PDRB,pendidikan,8052650
2016,kota_surabaya,Q,kesehatan,2649120
2016,kota_surabaya,"R, S, T, U",jasa-lainnya,5077820
2017,kota_surabaya,A,pertanian,589910
2017,kota_surabaya,B,pertambangan,20540
2017,kota_surabaya,C,industri,69881290
2017,kota_surabaya,D,listrik ,1541130
2017,kota_surabaya,E,pengadaan-air,564410
2017,kota_surabaya,F,konstruksi,36208180
2017,kota_surabaya,G,perdagangan,103301110
2017,kota_surabaya,H,transportasi ,17707950
2017,kota_surabaya,I,makan-minum,54192880
2017,kota_surabaya,J,komunikasi,23974910
2017,kota_surabaya,K,keuangan ,17685810
2017,kota_surabaya,L,real-estat,9610230
2017,kota_surabaya,"M, N",jasa-perusahaan,8278200
2017,kota_surabaya,O,pemerintahan,4597270
2017,kota_surabaya,PDRB,pendidikan,8531780
2017,kota_surabaya,Q,kesehatan,2804630
2017,kota_surabaya,"R, S, T, U",jasa-lainnya,5224600
2018,kota_surabaya,A,pertanian,581430
2018,kota_surabaya,B,pertambangan,20760
2018,kota_surabaya,C,industri,73322750
2018,kota_surabaya,D,listrik ,1540010
2018,kota_surabaya,E,pengadaan-air,583120
2018,kota_surabaya,F,konstruksi,38480420
2018,kota_surabaya,G,perdagangan,109848220
2018,kota_surabaya,H,transportasi ,19046860
2018,kota_surabaya,I,makan-minum,58411740
2018,kota_surabaya,J,komunikasi,25613460
2018,kota_surabaya,K,keuangan ,18541120
2018,kota_surabaya,L,real-estat,10165860
2018,kota_surabaya,"M, N",jasa-perusahaan,8867970
2018,kota_surabaya,O,pemerintahan,4697030
2018,kota_surabaya,PDRB,pendidikan,9064160
2018,kota_surabaya,Q,kesehatan,3023590
2018,kota_surabaya,"R, S, T, U",jasa-lainnya,5495450
2019,kota_surabaya,A,pertanian,576220
2019,kota_surabaya,B,pertambangan,20780
2019,kota_surabaya,C,industri,77271870
2019,kota_surabaya,D,listrik ,1546270
2019,kota_surabaya,E,pengadaan-air,605980
2019,kota_surabaya,F,konstruksi,40576450
2019,kota_surabaya,G,perdagangan,116305500
2019,kota_surabaya,H,transportasi ,20497980
2019,kota_surabaya,I,makan-minum,62886690
2019,kota_surabaya,J,komunikasi,27531900
2019,kota_surabaya,K,keuangan ,19187830
2019,kota_surabaya,L,real-estat,10784960
2019,kota_surabaya,"M, N",jasa-perusahaan,9474540
2019,kota_surabaya,O,pemerintahan,4867860
2019,kota_surabaya,PDRB,pendidikan,9668100
2019,kota_surabaya,Q,kesehatan,3254590
2019,kota_surabaya,"R, S, T, U",jasa-lainnya,5821770
2020,kota_surabaya,A,pertanian,547990
2020,kota_surabaya,B,pertambangan,19460
2020,kota_surabaya,C,industri,76384520
2020,kota_surabaya,D,listrik ,1449670
2020,kota_surabaya,E,pengadaan-air,630340
2020,kota_surabaya,F,konstruksi,38387740
2020,kota_surabaya,G,perdagangan,106340870
2020,kota_surabaya,H,transportasi ,19477420
2020,kota_surabaya,I,makan-minum,56053240
2020,kota_surabaya,J,komunikasi,29511280
2020,kota_surabaya,K,keuangan ,19231210
2020,kota_surabaya,L,real-estat,11000300
2020,kota_surabaya,"M, N",jasa-perusahaan,8801220
2020,kota_surabaya,O,pemerintahan,4754530
2020,kota_surabaya,PDRB,pendidikan,9934440
2020,kota_surabaya,Q,kesehatan,3539300
2020,kota_surabaya,"R, S, T, U",jasa-lainnya,4872890
2021,kota_surabaya,A,pertanian,554050
2021,kota_surabaya,B,pertambangan,19480
2021,kota_surabaya,C,industri,79366600
2021,kota_surabaya,D,listrik ,1538150
2021,kota_surabaya,E,pengadaan-air,665830
2021,kota_surabaya,F,konstruksi,40070070
2021,kota_surabaya,G,perdagangan,114183330
2021,kota_surabaya,H,transportasi ,19874940
2021,kota_surabaya,I,makan-minum,57221630
2021,kota_surabaya,J,komunikasi,31281790
2021,kota_surabaya,K,keuangan ,19324710
2021,kota_surabaya,L,real-estat,11179680
2021,kota_surabaya,"M, N",jasa-perusahaan,8974260
2021,kota_surabaya,O,pemerintahan,4748920
2021,kota_surabaya,PDRB,pendidikan,9993040
2021,kota_surabaya,Q,kesehatan,3722150
2021,kota_surabaya,"R, S, T, U",jasa-lainnya,5007190
2022,kota_surabaya,A,pertanian,573240
2022,kota_surabaya,B,pertambangan,19090
2022,kota_surabaya,C,industri,84567580
2022,kota_surabaya,D,listrik ,1661670
2022,kota_surabaya,E,pengadaan-air,680000
2022,kota_surabaya,F,konstruksi,42633580
2022,kota_surabaya,G,perdagangan,122122630
2022,kota_surabaya,H,transportasi ,22684940
2022,kota_surabaya,I,makan-minum,62076390
2022,kota_surabaya,J,komunikasi,32264420
2022,kota_surabaya,K,keuangan ,19648800
2022,kota_surabaya,L,real-estat,11634820
2022,kota_surabaya,"M, N",jasa-perusahaan,9490090
2022,kota_surabaya,O,pemerintahan,4756350
2022,kota_surabaya,PDRB,pendidikan,10001200
2022,kota_surabaya,Q,kesehatan,3782450
2022,kota_surabaya,"R, S, T, U",jasa-lainnya,5671100
2023,kota_surabaya,A,pertanian,576180
2023,kota_surabaya,B,pertambangan,17840
2023,kota_surabaya,C,industri,87392240
2023,kota_surabaya,D,listrik ,2174080
2023,kota_surabaya,E,pengadaan-air,696390
2023,kota_surabaya,F,konstruksi,44772950
2023,kota_surabaya,G,perdagangan,128814590
2023,kota_surabaya,H,transportasi ,25217170
2023,kota_surabaya,I,makan-minum,66946110
2023,kota_surabaya,J,komunikasi,34446030
2023,kota_surabaya,K,keuangan ,20445330
2023,kota_surabaya,L,real-estat,11916340
2023,kota_surabaya,"M, N",jasa-perusahaan,10278170
2023,kota_surabaya,O,pemerintahan,4759410
2023,kota_surabaya,PDRB,pendidikan,10447850
2023,kota_surabaya,Q,kesehatan,3932730
2023,kota_surabaya,"R, S, T, U",jasa-lainnya,6197310
2024,kota_surabaya,A,pertanian,541240
2024,kota_surabaya,B,pertambangan,18120
2024,kota_surabaya,C,industri,92182280
2024,kota_surabaya,D,listrik ,2301730
2024,kota_surabaya,E,pengadaan-air,711520
2024,kota_surabaya,F,konstruksi,47910220
2024,kota_surabaya,G,perdagangan,134133560
2024,kota_surabaya,H,transportasi ,27494460
2024,kota_surabaya,I,makan-minum,71889160
2024,kota_surabaya,J,komunikasi,36698240
2024,kota_surabaya,K,keuangan ,21207820
2024,kota_surabaya,L,real-estat,12200160
2024,kota_surabaya,"M, N",jasa-perusahaan,11082010
2024,kota_surabaya,O,pemerintahan,5229780
2024,kota_surabaya,PDRB,pendidikan,10983870
2024,kota_surabaya,Q,kesehatan,4155680
2024,kota_surabaya,"R, S, T, U",jasa-lainnya,6709010
2014,nasional,A,pertanian,1129052700
2014,nasional,B,pertambangan,794489500
2014,nasional,C,industri,1854256700
2014,nasional,D,listrik ,94047200
2014,nasional,E,pengadaan-air,6882500
2014,nasional,F,konstruksi,826615600
2014,nasional,G,perdagangan,1177297500
2014,nasional,H,transportasi ,326933000
2014,nasional,I,makan-minum,257815500
2014,nasional,J,komunikasi,384475600
2014,nasional,K,keuangan ,319825500
2014,nasional,L,real-estat,256440200
2014,nasional,"M, N",jasa-perusahaan,137795300
2014,nasional,O,pemerintahan,296329700
2014,nasional,PDRB,pendidikan,263685000
2014,nasional,Q,kesehatan,91357100
2014,nasional,"R, S, T, U",jasa-lainnya,134070100
2015,nasional,A,pertanian,1171445800
2015,nasional,B,pertambangan,767327200
2015,nasional,C,industri,1934533200
2015,nasional,D,listrik ,94894800
2015,nasional,E,pengadaan-air,7369000
2015,nasional,F,konstruksi,879163900
2015,nasional,G,perdagangan,1207164500
2015,nasional,H,transportasi ,348855900
2015,nasional,I,makan-minum,268922400
2015,nasional,J,komunikasi,421769800
2015,nasional,K,keuangan ,347269000
2015,nasional,L,real-estat,266979600
2015,nasional,"M, N",jasa-perusahaan,148395500
2015,nasional,O,pemerintahan,310054600
2015,nasional,PDRB,pendidikan,283020100
2015,nasional,Q,kesehatan,97465800
2015,nasional,"R, S, T, U",jasa-lainnya,144904200
2016,nasional,A,pertanian,1210955500
2016,nasional,B,pertambangan,774593100
2016,nasional,C,industri,2016876900
2016,nasional,D,listrik ,100009900
2016,nasional,E,pengadaan-air,7634600
2016,nasional,F,konstruksi,925040300
2016,nasional,G,perdagangan,1255760800
2016,nasional,H,transportasi ,374843400
2016,nasional,I,makan-minum,282823400
2016,nasional,J,komunikasi,459208100
2016,nasional,K,keuangan ,378279400
2016,nasional,L,real-estat,279500500
2016,nasional,"M, N",jasa-perusahaan,159321700
2016,nasional,O,pemerintahan,319965000
2016,nasional,PDRB,pendidikan,293887600
2016,nasional,Q,kesehatan,102490200
2016,nasional,"R, S, T, U",jasa-lainnya,156507500
2017,nasional,A,pertanian,1258375700
2017,nasional,B,pertambangan,779678400
2017,nasional,C,industri,2103466100
2017,nasional,D,listrik ,101551300
2017,nasional,E,pengadaan-air,7985300
2017,nasional,F,konstruksi,987924900
2017,nasional,G,perdagangan,1311746500
2017,nasional,H,transportasi ,406679400
2017,nasional,I,makan-minum,298129700
2017,nasional,J,komunikasi,503420700
2017,nasional,K,keuangan ,398971400
2017,nasional,L,real-estat,289568500
2017,nasional,"M, N",jasa-perusahaan,172763800
2017,nasional,O,pemerintahan,326514300
2017,nasional,PDRB,pendidikan,304810800
2017,nasional,Q,kesehatan,109497500
2017,nasional,"R, S, T, U",jasa-lainnya,170174800
2018,nasional,A,pertanian,1307253000
2018,nasional,B,pertambangan,796505000
2018,nasional,C,industri,2193368400
2018,nasional,D,listrik ,107108600
2018,nasional,E,pengadaan-air,8429400
2018,nasional,F,konstruksi,1048082800
2018,nasional,G,perdagangan,1376878700
2018,nasional,H,transportasi ,435336500
2018,nasional,I,makan-minum,315068600
2018,nasional,J,komunikasi,538762700
2018,nasional,K,keuangan ,415620600
2018,nasional,L,real-estat,299648200
2018,nasional,"M, N",jasa-perusahaan,187691100
2018,nasional,O,pemerintahan,349277600
2018,nasional,PDRB,pendidikan,321133800
2018,nasional,Q,kesehatan,117322200
2018,nasional,"R, S, T, U",jasa-lainnya,185405600
2019,nasional,A,pertanian,1354399100
2019,nasional,B,pertambangan,806206200
2019,nasional,C,industri,2276667800
2019,nasional,D,listrik ,111436700
2019,nasional,E,pengadaan-air,9004900
2019,nasional,F,konstruksi,1108425000
2019,nasional,G,perdagangan,1440185700
2019,nasional,H,transportasi ,463125900
2019,nasional,I,makan-minum,333304600
2019,nasional,J,komunikasi,589536100
2019,nasional,K,keuangan ,443093100
2019,nasional,L,real-estat,316901100
2019,nasional,"M, N",jasa-perusahaan,206936200
2019,nasional,O,pemerintahan,365538800
2019,nasional,PDRB,pendidikan,341349900
2019,nasional,Q,kesehatan,127487900
2019,nasional,"R, S, T, U",jasa-lainnya,205011400
2020,nasional,A,pertanian,1378398900
2020,nasional,B,pertambangan,790475200
2020,nasional,C,industri,2209920300
2020,nasional,D,listrik ,108826400
2020,nasional,E,pengadaan-air,9449300
2020,nasional,F,konstruksi,1072334800
2020,nasional,G,perdagangan,1385651200
2020,nasional,H,transportasi ,393418900
2020,nasional,I,makan-minum,299122400
2020,nasional,J,komunikasi,652062900
2020,nasional,K,keuangan ,457486500
2020,nasional,L,real-estat,324259400
2020,nasional,"M, N",jasa-perusahaan,195671100
2020,nasional,O,pemerintahan,365446000
2020,nasional,PDRB,pendidikan,350272800
2020,nasional,Q,kesehatan,142227300
2020,nasional,"R, S, T, U",jasa-lainnya,196608900
2021,nasional,A,pertanian,1404190900
2021,nasional,B,pertambangan,822099500
2021,nasional,C,industri,2284821700
2021,nasional,D,listrik ,114861100
2021,nasional,E,pengadaan-air,9919300
2021,nasional,F,konstruksi,1102517700
2021,nasional,G,perdagangan,1449831400
2021,nasional,H,transportasi ,406169300
2021,nasional,I,makan-minum,310737600
2021,nasional,J,komunikasi,696506100
2021,nasional,K,keuangan ,464637700
2021,nasional,L,real-estat,333282900
2021,nasional,"M, N",jasa-perusahaan,197106700
2021,nasional,O,pemerintahan,364246600
2021,nasional,PDRB,pendidikan,350660000
2021,nasional,Q,kesehatan,157085500
2021,nasional,"R, S, T, U",jasa-lainnya,200773200
2022,nasional,A,pertanian,1435853200
2022,nasional,B,pertambangan,858146600
2022,nasional,C,industri,2396603000
2022,nasional,D,listrik ,122451900
2022,nasional,E,pengadaan-air,10240100
2022,nasional,F,konstruksi,1124725200
2022,nasional,G,perdagangan,1530003700
2022,nasional,H,transportasi ,486873800
2022,nasional,I,makan-minum,347854600
2022,nasional,J,komunikasi,750319000
2022,nasional,K,keuangan ,473623800
2022,nasional,L,real-estat,339014900
2022,nasional,"M, N",jasa-perusahaan,214399000
2022,nasional,O,pemerintahan,373424400
2022,nasional,PDRB,pendidikan,352578200
2022,nasional,Q,kesehatan,161406900
2022,nasional,"R, S, T, U",jasa-lainnya,219778300
2023,nasional,A,pertanian,1454602200
2023,nasional,B,pertambangan,910679400
2023,nasional,C,industri,2507799800
2023,nasional,D,listrik ,128460500
2023,nasional,E,pengadaan-air,10741500
2023,nasional,F,konstruksi,1179989300
2023,nasional,G,perdagangan,1604233800
2023,nasional,H,transportasi ,554854900
2023,nasional,I,makan-minum,382651600
2023,nasional,J,komunikasi,807304600
2023,nasional,K,keuangan ,496236800
2023,nasional,L,real-estat,343864800
2023,nasional,"M, N",jasa-perusahaan,232076100
2023,nasional,O,pemerintahan,379071200
2023,nasional,PDRB,pendidikan,358828200
2023,nasional,Q,kesehatan,168936900
2023,nasional,"R, S, T, U",jasa-lainnya,242892000
2024,nasional,A,pertanian,1464331100
2024,nasional,B,pertambangan,955260200
2024,nasional,C,industri,2618854500
2024,nasional,D,listrik ,134594200
2024,nasional,E,pengadaan-air,10909600
2024,nasional,F,konstruksi,1262792700
2024,nasional,G,perdagangan,1682254000
2024,nasional,H,transportasi ,603051000
2024,nasional,I,makan-minum,415417800
2024,nasional,J,komunikasi,868446900
2024,nasional,K,keuangan ,519736400
2024,nasional,L,real-estat,352454700
2024,nasional,"M, N",jasa-perusahaan,251529700
2024,nasional,O,pemerintahan,403334500
2024,nasional,PDRB,pendidikan,372289900
2024,nasional,Q,kesehatan,182642600
2024,nasional,"R, S, T, U",jasa-lainnya,266689400
2014,jawa_timur,total,komposit,1262684510
2015,jawa_timur,total,komposit,1331376100
2016,jawa_timur,total,komposit,1405563500
2017,jawa_timur,total,komposit,1482299570
2018,jawa_timur,total,komposit,1563441820
2019,jawa_timur,total,komposit,1649895640
2020,jawa_timur,total,komposit,1611392550
2021,jawa_timur,total,komposit,1668754350
2022,jawa_timur,total,komposit,1757874890
2023,jawa_timur,total,komposit,1844808690
2024,jawa_timur,total,komposit,1935810150
2014,sumatera_barat,total,komposit,133340840
2015,sumatera_barat,total,komposit,140719470
2016,sumatera_barat,total,komposit,148134240
2017,sumatera_barat,total,komposit,155984360
2018,sumatera_barat,total,komposit,163996190
2019,sumatera_barat,total,komposit,172205570
2020,sumatera_barat,total,komposit,169426610
2021,sumatera_barat,total,komposit,174999890
2022,sumatera_barat,total,komposit,182628340
2023,sumatera_barat,total,komposit,191070550
2024,sumatera_barat,total,komposit,199407380
2014,kota_mojokerto,total,komposit,3774636
2015,kota_mojokerto,total,komposit,3991380
2016,kota_mojokerto,total,komposit,4221820
2017,kota_mojokerto,total,komposit,4460430
2018,kota_mojokerto,total,komposit,4718930
2019,kota_mojokerto,total,komposit,4985670
2020,kota_mojokerto,total,komposit,4801470
2021,kota_mojokerto,total,komposit,4976460
2022,kota_mojokerto,total,komposit,5253010
2023,kota_mojokerto,total,komposit,5399610
2024,kota_mojokerto,total,komposit,5686800
2014,kabupaten_mojokerto,total,komposit,44292056
2015,kabupaten_mojokerto,total,komposit,46792350
2016,kabupaten_mojokerto,total,komposit,49360600
2017,kabupaten_mojokerto,total,komposit,52187810
2018,kabupaten_mojokerto,total,komposit,55256600
2019,kabupaten_mojokerto,total,komposit,58467130
2020,kabupaten_mojokerto,total,komposit,57818420
2021,kabupaten_mojokerto,total,komposit,60198710
2022,kabupaten_mojokerto,total,komposit,63699840
2023,kabupaten_mojokerto,total,komposit,66982670
2024,kabupaten_mojokerto,total,komposit,70527630
2014,kota_surabaya,total,komposit,305947570
2015,kota_surabaya,total,komposit,324215190
2016,kota_surabaya,total,komposit,343652610
2017,kota_surabaya,total,komposit,364714830
2018,kota_surabaya,total,komposit,387303950
2019,kota_surabaya,total,komposit,410879290
2020,kota_surabaya,total,komposit,390936420
2021,kota_surabaya,total,komposit,407725820
2022,kota_surabaya,total,komposit,434268350
2023,kota_surabaya,total,komposit,459030720
2024,kota_surabaya,total,komposit,485448860
2014,nasional,total,komposit,8564866600
2015,nasional,total,komposit,8982517100
2016,nasional,total,komposit,9434613400
2017,nasional,total,komposit,9912928100
2018,nasional,total,komposit,10425851900
2019,nasional,total,komposit,10949155400
2020,nasional,total,komposit,10722999300
2021,nasional,total,komposit,11120059700
2022,nasional,total,komposit,11710223200
2023,nasional,total,komposit,12301475100
2024,nasional,total,komposit,12920281700
2014,kota_solok,total,komposit,2177370
2015,kota_solok,total,komposit,2307250
2016,kota_solok,total,komposit,2440130
2017,kota_solok,total,komposit,2580780
2018,kota_solok,total,komposit,2726710
2019,kota_solok,total,komposit,2876460
2020,kota_solok,total,komposit,2835750
2021,kota_solok,total,komposit,2936550
2022,kota_solok,total,komposit,3071580
2023,kota_solok,total,komposit,3219310
2024,kota_solok,total,komposit,3365780
2014,kabupaten_solok,total,komposit,7665500
2015,kabupaten_solok,total,komposit,8082580
2016,kabupaten_solok,total,komposit,8511650
2017,kabupaten_solok,total,komposit,8964870
2018,kabupaten_solok,total,komposit,9430220
2019,kabupaten_solok,total,komposit,9905600
2020,kabupaten_solok,total,komposit,9792920
2021,kabupaten_solok,total,komposit,10114580
2022,kabupaten_solok,total,komposit,10547970
2023,kabupaten_solok,total,komposit,11008010
2024,kabupaten_solok,total,komposit,11437870
2014,kota_padang,total,komposit,33061950
2015,kota_padang,total,komposit,35180548
2016,kota_padang,total,komposit,37350197
2017,kota_padang,total,komposit,37350200
2018,kota_padang,total,komposit,42081537
2019,kota_padang,total,komposit,44456786
2020,kota_padang,total,komposit,43631943
2021,kota_padang,total,komposit,45226642
2022,kota_padang,total,komposit,47175948
2023,kota_padang,total,komposit,49316187
2024,kota_padang,total,komposit,51442889
